category,title,content,create_date,update_date,user_id
자유,자유게시글 제목 1,이것은 자유롭게 작성된 게시글 내용입니다.,2025-06-27T02:43:40.010552,2025-06-27T02:43:40.010552,685df192a2cd54b0683ea39f
자유,자유게시글 제목 2,이것은 자유롭게 작성된 게시글 내용입니다.,2025-06-27T02:43:40.010552,2025-06-27T02:43:40.010552,685df192a2cd54b0683ea35d
자유,자유게시글 제목 3,이것은 자유롭게 작성된 게시글 내용입니다.,2025-06-27T02:43:40.010552,2025-06-27T02:43:40.010552,685df192a2cd54b0683ea38f
자유,자유게시글 제목 4,이것은 자유롭게 작성된 게시글 내용입니다.,2025-06-27T02:43:40.010552,2025-06-27T02:43:40.010552,685df192a2cd54b0683ea368
자유,자유게시글 제목 5,이것은 자유롭게 작성된 게시글 내용입니다.,2025-06-27T02:43:40.010552,2025-06-27T02:43:40.010552,685df192a2cd54b0683ea369
자유,자유게시글 제목 6,이것은 자유롭게 작성된 게시글 내용입니다.,2025-06-27T02:43:40.010552,2025-06-27T02:43:40.010552,685df192a2cd54b0683ea373
자유,자유게시글 제목 7,이것은 자유롭게 작성된 게시글 내용입니다.,2025-06-27T02:43:40.010552,2025-06-27T02:43:40.010552,685df192a2cd54b0683ea3a5
자유,자유게시글 제목 8,이것은 자유롭게 작성된 게시글 내용입니다.,2025-06-27T02:43:40.010552,2025-06-27T02:43:40.010552,685df192a2cd54b0683ea392
자유,자유게시글 제목 9,이것은 자유롭게 작성된 게시글 내용입니다.,2025-06-27T02:43:40.010552,2025-06-27T02:43:40.010552,685df192a2cd54b0683ea3a3
자유,자유게시글 제목 10,이것은 자유롭게 작성된 게시글 내용입니다.,2025-06-27T02:43:40.010552,2025-06-27T02:43:40.010552,685df192a2cd54b0683ea344
자유,자유게시글 제목 11,이것은 자유롭게 작성된 게시글 내용입니다.,2025-06-27T02:43:40.010552,2025-06-27T02:43:40.010552,685df192a2cd54b0683ea36c
자유,자유게시글 제목 12,이것은 자유롭게 작성된 게시글 내용입니다.,2025-06-27T02:43:40.010552,2025-06-27T02:43:40.010552,685df192a2cd54b0683ea362
자유,자유게시글 제목 13,이것은 자유롭게 작성된 게시글 내용입니다.,2025-06-27T02:43:40.010552,2025-06-27T02:43:40.010552,685df192a2cd54b0683ea359
자유,자유게시글 제목 14,이것은 자유롭게 작성된 게시글 내용입니다.,2025-06-27T02:43:40.010552,2025-06-27T02:43:40.010552,685df192a2cd54b0683ea38b
자유,자유게시글 제목 15,이것은 자유롭게 작성된 게시글 내용입니다.,2025-06-27T02:43:40.010552,2025-06-27T02:43:40.010552,685df192a2cd54b0683ea38e
자유,자유게시글 제목 16,이것은 자유롭게 작성된 게시글 내용입니다.,2025-06-27T02:43:40.010552,2025-06-27T02:43:40.010552,685df192a2cd54b0683ea382
자유,자유게시글 제목 17,이것은 자유롭게 작성된 게시글 내용입니다.,2025-06-27T02:43:40.010552,2025-06-27T02:43:40.010552,685df192a2cd54b0683ea351
자유,자유게시글 제목 18,이것은 자유롭게 작성된 게시글 내용입니다.,2025-06-27T02:43:40.010552,2025-06-27T02:43:40.010552,685df192a2cd54b0683ea384
자유,자유게시글 제목 19,이것은 자유롭게 작성된 게시글 내용입니다.,2025-06-27T02:43:40.010552,2025-06-27T02:43:40.010552,685df192a2cd54b0683ea397
자유,자유게시글 제목 20,이것은 자유롭게 작성된 게시글 내용입니다.,2025-06-27T02:43:40.010552,2025-06-27T02:43:40.010552,6853aebf690a71fa9ad4b6e3
자유,자유게시글 제목 21,이것은 자유롭게 작성된 게시글 내용입니다.,2025-06-27T02:43:40.010552,2025-06-27T02:43:40.010552,685df192a2cd54b0683ea358
자유,자유게시글 제목 22,이것은 자유롭게 작성된 게시글 내용입니다.,2025-06-27T02:43:40.010552,2025-06-27T02:43:40.010552,685df192a2cd54b0683ea36f
자유,자유게시글 제목 23,이것은 자유롭게 작성된 게시글 내용입니다.,2025-06-27T02:43:40.010552,2025-06-27T02:43:40.010552,685df192a2cd54b0683ea351
자유,자유게시글 제목 24,이것은 자유롭게 작성된 게시글 내용입니다.,2025-06-27T02:43:40.010552,2025-06-27T02:43:40.010552,685df192a2cd54b0683ea34f
자유,자유게시글 제목 25,이것은 자유롭게 작성된 게시글 내용입니다.,2025-06-27T02:43:40.010552,2025-06-27T02:43:40.010552,685df192a2cd54b0683ea354
자유,자유게시글 제목 26,이것은 자유롭게 작성된 게시글 내용입니다.,2025-06-27T02:43:40.010552,2025-06-27T02:43:40.010552,685df192a2cd54b0683ea377
자유,자유게시글 제목 27,이것은 자유롭게 작성된 게시글 내용입니다.,2025-06-27T02:43:40.010552,2025-06-27T02:43:40.010552,685df192a2cd54b0683ea357
자유,자유게시글 제목 28,이것은 자유롭게 작성된 게시글 내용입니다.,2025-06-27T02:43:40.010552,2025-06-27T02:43:40.010552,685df192a2cd54b0683ea361
자유,자유게시글 제목 29,이것은 자유롭게 작성된 게시글 내용입니다.,2025-06-27T02:43:40.010552,2025-06-27T02:43:40.010552,685df192a2cd54b0683ea39c
자유,자유게시글 제목 30,이것은 자유롭게 작성된 게시글 내용입니다.,2025-06-27T02:43:40.010552,2025-06-27T02:43:40.010552,685df192a2cd54b0683ea39f
자유,자유게시글 제목 31,이것은 자유롭게 작성된 게시글 내용입니다.,2025-06-27T02:43:40.010552,2025-06-27T02:43:40.010552,685df192a2cd54b0683ea395
자유,자유게시글 제목 32,이것은 자유롭게 작성된 게시글 내용입니다.,2025-06-27T02:43:40.010552,2025-06-27T02:43:40.010552,685df192a2cd54b0683ea348
자유,자유게시글 제목 33,이것은 자유롭게 작성된 게시글 내용입니다.,2025-06-27T02:43:40.010552,2025-06-27T02:43:40.010552,685df192a2cd54b0683ea361
자유,자유게시글 제목 34,이것은 자유롭게 작성된 게시글 내용입니다.,2025-06-27T02:43:40.010552,2025-06-27T02:43:40.010552,685df192a2cd54b0683ea368
자유,자유게시글 제목 35,이것은 자유롭게 작성된 게시글 내용입니다.,2025-06-27T02:43:40.010552,2025-06-27T02:43:40.010552,685df192a2cd54b0683ea360
자유,자유게시글 제목 36,이것은 자유롭게 작성된 게시글 내용입니다.,2025-06-27T02:43:40.010552,2025-06-27T02:43:40.010552,685df192a2cd54b0683ea37e
자유,자유게시글 제목 37,이것은 자유롭게 작성된 게시글 내용입니다.,2025-06-27T02:43:40.010552,2025-06-27T02:43:40.010552,685cc3fc7163cce7db1fd18f
자유,자유게시글 제목 38,이것은 자유롭게 작성된 게시글 내용입니다.,2025-06-27T02:43:40.010552,2025-06-27T02:43:40.010552,685df192a2cd54b0683ea379
자유,자유게시글 제목 39,이것은 자유롭게 작성된 게시글 내용입니다.,2025-06-27T02:43:40.010552,2025-06-27T02:43:40.010552,685df192a2cd54b0683ea37b
자유,자유게시글 제목 40,이것은 자유롭게 작성된 게시글 내용입니다.,2025-06-27T02:43:40.010552,2025-06-27T02:43:40.010552,685df192a2cd54b0683ea361
자유,자유게시글 제목 41,이것은 자유롭게 작성된 게시글 내용입니다.,2025-06-27T02:43:40.010552,2025-06-27T02:43:40.010552,685df192a2cd54b0683ea368
자유,자유게시글 제목 42,이것은 자유롭게 작성된 게시글 내용입니다.,2025-06-27T02:43:40.010552,2025-06-27T02:43:40.010552,685df192a2cd54b0683ea36a
자유,자유게시글 제목 43,이것은 자유롭게 작성된 게시글 내용입니다.,2025-06-27T02:43:40.010552,2025-06-27T02:43:40.010552,685df192a2cd54b0683ea37a
자유,자유게시글 제목 44,이것은 자유롭게 작성된 게시글 내용입니다.,2025-06-27T02:43:40.010552,2025-06-27T02:43:40.010552,685df192a2cd54b0683ea350
자유,자유게시글 제목 45,이것은 자유롭게 작성된 게시글 내용입니다.,2025-06-27T02:43:40.010552,2025-06-27T02:43:40.010552,685df192a2cd54b0683ea396
자유,자유게시글 제목 46,이것은 자유롭게 작성된 게시글 내용입니다.,2025-06-27T02:43:40.010552,2025-06-27T02:43:40.010552,685df192a2cd54b0683ea343
자유,자유게시글 제목 47,이것은 자유롭게 작성된 게시글 내용입니다.,2025-06-27T02:43:40.010552,2025-06-27T02:43:40.010552,685df192a2cd54b0683ea37d
자유,자유게시글 제목 48,이것은 자유롭게 작성된 게시글 내용입니다.,2025-06-27T02:43:40.010552,2025-06-27T02:43:40.010552,685cc3fc7163cce7db1fd18f
자유,자유게시글 제목 49,이것은 자유롭게 작성된 게시글 내용입니다.,2025-06-27T02:43:40.010552,2025-06-27T02:43:40.010552,685df192a2cd54b0683ea382
자유,자유게시글 제목 50,이것은 자유롭게 작성된 게시글 내용입니다.,2025-06-27T02:43:40.010552,2025-06-27T02:43:40.010552,685df192a2cd54b0683ea3a0
자유,자유게시글 제목 51,이것은 자유롭게 작성된 게시글 내용입니다.,2025-06-27T02:43:40.010552,2025-06-27T02:43:40.010552,685df192a2cd54b0683ea38e
자유,자유게시글 제목 52,이것은 자유롭게 작성된 게시글 내용입니다.,2025-06-27T02:43:40.010552,2025-06-27T02:43:40.010552,685df192a2cd54b0683ea364
자유,자유게시글 제목 53,이것은 자유롭게 작성된 게시글 내용입니다.,2025-06-27T02:43:40.010552,2025-06-27T02:43:40.010552,685df192a2cd54b0683ea384
자유,자유게시글 제목 54,이것은 자유롭게 작성된 게시글 내용입니다.,2025-06-27T02:43:40.010552,2025-06-27T02:43:40.010552,685df192a2cd54b0683ea35c
자유,자유게시글 제목 55,이것은 자유롭게 작성된 게시글 내용입니다.,2025-06-27T02:43:40.010552,2025-06-27T02:43:40.010552,685df192a2cd54b0683ea36e
자유,자유게시글 제목 56,이것은 자유롭게 작성된 게시글 내용입니다.,2025-06-27T02:43:40.010552,2025-06-27T02:43:40.010552,685df192a2cd54b0683ea34d
자유,자유게시글 제목 57,이것은 자유롭게 작성된 게시글 내용입니다.,2025-06-27T02:43:40.010552,2025-06-27T02:43:40.010552,6853aebf690a71fa9ad4b6e3
자유,자유게시글 제목 58,이것은 자유롭게 작성된 게시글 내용입니다.,2025-06-27T02:43:40.010552,2025-06-27T02:43:40.010552,685df192a2cd54b0683ea36a
자유,자유게시글 제목 59,이것은 자유롭게 작성된 게시글 내용입니다.,2025-06-27T02:43:40.010552,2025-06-27T02:43:40.010552,685df192a2cd54b0683ea39c
자유,자유게시글 제목 60,이것은 자유롭게 작성된 게시글 내용입니다.,2025-06-27T02:43:40.010552,2025-06-27T02:43:40.010552,685df192a2cd54b0683ea382
자유,자유게시글 제목 61,이것은 자유롭게 작성된 게시글 내용입니다.,2025-06-27T02:43:40.010552,2025-06-27T02:43:40.010552,685df192a2cd54b0683ea38b
자유,자유게시글 제목 62,이것은 자유롭게 작성된 게시글 내용입니다.,2025-06-27T02:43:40.010552,2025-06-27T02:43:40.010552,6853aebf690a71fa9ad4b6e3
자유,자유게시글 제목 63,이것은 자유롭게 작성된 게시글 내용입니다.,2025-06-27T02:43:40.010552,2025-06-27T02:43:40.010552,685df192a2cd54b0683ea363
자유,자유게시글 제목 64,이것은 자유롭게 작성된 게시글 내용입니다.,2025-06-27T02:43:40.010552,2025-06-27T02:43:40.010552,685df192a2cd54b0683ea347
자유,자유게시글 제목 65,이것은 자유롭게 작성된 게시글 내용입니다.,2025-06-27T02:43:40.010552,2025-06-27T02:43:40.010552,685df192a2cd54b0683ea35c
자유,자유게시글 제목 66,이것은 자유롭게 작성된 게시글 내용입니다.,2025-06-27T02:43:40.010552,2025-06-27T02:43:40.010552,685df192a2cd54b0683ea363
자유,자유게시글 제목 67,이것은 자유롭게 작성된 게시글 내용입니다.,2025-06-27T02:43:40.010552,2025-06-27T02:43:40.010552,685df192a2cd54b0683ea386
자유,자유게시글 제목 68,이것은 자유롭게 작성된 게시글 내용입니다.,2025-06-27T02:43:40.010552,2025-06-27T02:43:40.010552,685df192a2cd54b0683ea355
자유,자유게시글 제목 69,이것은 자유롭게 작성된 게시글 내용입니다.,2025-06-27T02:43:40.010552,2025-06-27T02:43:40.010552,685df192a2cd54b0683ea388
자유,자유게시글 제목 70,이것은 자유롭게 작성된 게시글 내용입니다.,2025-06-27T02:43:40.010552,2025-06-27T02:43:40.010552,685df192a2cd54b0683ea378
자유,자유게시글 제목 71,이것은 자유롭게 작성된 게시글 내용입니다.,2025-06-27T02:43:40.010552,2025-06-27T02:43:40.010552,685df192a2cd54b0683ea378
자유,자유게시글 제목 72,이것은 자유롭게 작성된 게시글 내용입니다.,2025-06-27T02:43:40.010552,2025-06-27T02:43:40.010552,685df192a2cd54b0683ea37f
자유,자유게시글 제목 73,이것은 자유롭게 작성된 게시글 내용입니다.,2025-06-27T02:43:40.010552,2025-06-27T02:43:40.010552,685df192a2cd54b0683ea36b
자유,자유게시글 제목 74,이것은 자유롭게 작성된 게시글 내용입니다.,2025-06-27T02:43:40.010552,2025-06-27T02:43:40.010552,685df192a2cd54b0683ea347
자유,자유게시글 제목 75,이것은 자유롭게 작성된 게시글 내용입니다.,2025-06-27T02:43:40.010552,2025-06-27T02:43:40.010552,685df192a2cd54b0683ea393
자유,자유게시글 제목 76,이것은 자유롭게 작성된 게시글 내용입니다.,2025-06-27T02:43:40.010552,2025-06-27T02:43:40.010552,685df192a2cd54b0683ea37e
자유,자유게시글 제목 77,이것은 자유롭게 작성된 게시글 내용입니다.,2025-06-27T02:43:40.010552,2025-06-27T02:43:40.010552,685df192a2cd54b0683ea373
자유,자유게시글 제목 78,이것은 자유롭게 작성된 게시글 내용입니다.,2025-06-27T02:43:40.010552,2025-06-27T02:43:40.010552,685cc3fc7163cce7db1fd18f
자유,자유게시글 제목 79,이것은 자유롭게 작성된 게시글 내용입니다.,2025-06-27T02:43:40.010552,2025-06-27T02:43:40.010552,685df192a2cd54b0683ea37e
자유,자유게시글 제목 80,이것은 자유롭게 작성된 게시글 내용입니다.,2025-06-27T02:43:40.010552,2025-06-27T02:43:40.010552,685df192a2cd54b0683ea389
자유,자유게시글 제목 81,이것은 자유롭게 작성된 게시글 내용입니다.,2025-06-27T02:43:40.010552,2025-06-27T02:43:40.010552,685df192a2cd54b0683ea368
자유,자유게시글 제목 82,이것은 자유롭게 작성된 게시글 내용입니다.,2025-06-27T02:43:40.010552,2025-06-27T02:43:40.010552,685df192a2cd54b0683ea346
자유,자유게시글 제목 83,이것은 자유롭게 작성된 게시글 내용입니다.,2025-06-27T02:43:40.010552,2025-06-27T02:43:40.010552,685df192a2cd54b0683ea37e
자유,자유게시글 제목 84,이것은 자유롭게 작성된 게시글 내용입니다.,2025-06-27T02:43:40.010552,2025-06-27T02:43:40.010552,685df192a2cd54b0683ea37b
자유,자유게시글 제목 85,이것은 자유롭게 작성된 게시글 내용입니다.,2025-06-27T02:43:40.010552,2025-06-27T02:43:40.010552,685df192a2cd54b0683ea37e
자유,자유게시글 제목 86,이것은 자유롭게 작성된 게시글 내용입니다.,2025-06-27T02:43:40.010552,2025-06-27T02:43:40.010552,685df192a2cd54b0683ea346
자유,자유게시글 제목 87,이것은 자유롭게 작성된 게시글 내용입니다.,2025-06-27T02:43:40.010552,2025-06-27T02:43:40.010552,685df192a2cd54b0683ea386
자유,자유게시글 제목 88,이것은 자유롭게 작성된 게시글 내용입니다.,2025-06-27T02:43:40.010552,2025-06-27T02:43:40.010552,685df192a2cd54b0683ea374
자유,자유게시글 제목 89,이것은 자유롭게 작성된 게시글 내용입니다.,2025-06-27T02:43:40.010552,2025-06-27T02:43:40.010552,685df192a2cd54b0683ea364
자유,자유게시글 제목 90,이것은 자유롭게 작성된 게시글 내용입니다.,2025-06-27T02:43:40.010552,2025-06-27T02:43:40.010552,685df192a2cd54b0683ea37d
자유,자유게시글 제목 91,이것은 자유롭게 작성된 게시글 내용입니다.,2025-06-27T02:43:40.010552,2025-06-27T02:43:40.010552,685df192a2cd54b0683ea361
자유,자유게시글 제목 92,이것은 자유롭게 작성된 게시글 내용입니다.,2025-06-27T02:43:40.010552,2025-06-27T02:43:40.010552,685df192a2cd54b0683ea346
자유,자유게시글 제목 93,이것은 자유롭게 작성된 게시글 내용입니다.,2025-06-27T02:43:40.010552,2025-06-27T02:43:40.010552,685df192a2cd54b0683ea368
자유,자유게시글 제목 94,이것은 자유롭게 작성된 게시글 내용입니다.,2025-06-27T02:43:40.010552,2025-06-27T02:43:40.010552,685df192a2cd54b0683ea388
자유,자유게시글 제목 95,이것은 자유롭게 작성된 게시글 내용입니다.,2025-06-27T02:43:40.010552,2025-06-27T02:43:40.010552,685df192a2cd54b0683ea396
자유,자유게시글 제목 96,이것은 자유롭게 작성된 게시글 내용입니다.,2025-06-27T02:43:40.010552,2025-06-27T02:43:40.010552,685df192a2cd54b0683ea397
자유,자유게시글 제목 97,이것은 자유롭게 작성된 게시글 내용입니다.,2025-06-27T02:43:40.010552,2025-06-27T02:43:40.010552,685df192a2cd54b0683ea3a1
자유,자유게시글 제목 98,이것은 자유롭게 작성된 게시글 내용입니다.,2025-06-27T02:43:40.010552,2025-06-27T02:43:40.010552,685df192a2cd54b0683ea39d
자유,자유게시글 제목 99,이것은 자유롭게 작성된 게시글 내용입니다.,2025-06-27T02:43:40.010552,2025-06-27T02:43:40.010552,685df192a2cd54b0683ea376
자유,자유게시글 제목 100,이것은 자유롭게 작성된 게시글 내용입니다.,2025-06-27T02:43:40.010552,2025-06-27T02:43:40.010552,685df192a2cd54b0683ea388
