user_id,content,status,end_date
6853aebf690a71fa9ad4b6e3,고객 응대,Done,2025-06-24
6853aebf690a71fa9ad4b6e3,고객 응대,To do,2025-06-23
6853aebf690a71fa9ad4b6e3,설계 문서 검토,In Progress,2025-06-23
6853aebf690a71fa9ad4b6e3,기능 테스트,In Progress,2025-06-08
6853aebf690a71fa9ad4b6e3,문서 작성,In Progress,2025-06-18
6853aebf690a71fa9ad4b6e3,시연 준비,To do,2025-07-01
6853aebf690a71fa9ad4b6e3,오류 수정,In Progress,2025-06-09
6853aebf690a71fa9ad4b6e3,데이터 분석,Done,2025-06-21
6853aebf690a71fa9ad4b6e3,시연 준비,To do,2025-06-19
6853aebf690a71fa9ad4b6e3,오류 수정,To do,2025-06-29
6854be67f50a270da74cb6d3,회식 준비,To do,2025-06-07
6854be67f50a270da74cb6d3,설계 문서 검토,In Progress,2025-06-28
6854be67f50a270da74cb6d3,업무 공유,Done,2025-06-27
6854be67f50a270da74cb6d3,데이터 분석,To do,2025-06-08
6854be67f50a270da74cb6d3,일정 조율,In Progress,2025-06-05
6854be67f50a270da74cb6d3,메일 확인,In Progress,2025-06-19
6854be67f50a270da74cb6d3,메일 확인,Done,2025-06-07
6854be67f50a270da74cb6d3,문서 작성,In Progress,2025-06-20
6854be67f50a270da74cb6d3,회식 준비,In Progress,2025-06-11
6854be67f50a270da74cb6d3,회식 준비,To do,2025-06-05
685cc3fc7163cce7db1fd18f,코드 리뷰,In Progress,2025-06-26
685cc3fc7163cce7db1fd18f,문서 작성,Done,2025-06-16
685cc3fc7163cce7db1fd18f,시연 준비,In Progress,2025-06-14
685cc3fc7163cce7db1fd18f,시연 준비,Done,2025-06-10
685cc3fc7163cce7db1fd18f,자료 정리,In Progress,2025-06-30
685cc3fc7163cce7db1fd18f,사내 교육,To do,2025-06-18
685cc3fc7163cce7db1fd18f,기능 테스트,To do,2025-06-03
685cc3fc7163cce7db1fd18f,회의록 작성,Done,2025-06-17
685cc3fc7163cce7db1fd18f,보고서 작성,In Progress,2025-06-10
685cc3fc7163cce7db1fd18f,시연 준비,In Progress,2025-07-01
685df192a2cd54b0683ea343,시연 준비,Done,2025-06-15
685df192a2cd54b0683ea343,오류 수정,Done,2025-06-17
685df192a2cd54b0683ea343,기능 테스트,In Progress,2025-06-13
685df192a2cd54b0683ea343,회의록 작성,Done,2025-06-24
685df192a2cd54b0683ea343,설계 문서 검토,To do,2025-06-05
685df192a2cd54b0683ea343,설계 문서 검토,In Progress,2025-06-30
685df192a2cd54b0683ea343,자료 정리,In Progress,2025-06-13
685df192a2cd54b0683ea343,코드 리뷰,Done,2025-06-25
685df192a2cd54b0683ea343,문서 작성,To do,2025-06-19
685df192a2cd54b0683ea343,업데이트 적용,In Progress,2025-06-08
685df192a2cd54b0683ea344,코드 리뷰,Done,2025-06-12
685df192a2cd54b0683ea344,고객 응대,To do,2025-06-03
685df192a2cd54b0683ea344,업무 공유,Done,2025-06-22
685df192a2cd54b0683ea344,회식 준비,Done,2025-06-24
685df192a2cd54b0683ea344,시연 준비,Done,2025-06-25
685df192a2cd54b0683ea344,발표 자료 제작,In Progress,2025-06-07
685df192a2cd54b0683ea344,회식 준비,Done,2025-06-24
685df192a2cd54b0683ea344,코드 리뷰,To do,2025-06-04
685df192a2cd54b0683ea344,메일 확인,Done,2025-06-24
685df192a2cd54b0683ea344,기능 테스트,Done,2025-06-25
685df192a2cd54b0683ea345,문서 작성,In Progress,2025-06-20
685df192a2cd54b0683ea345,장비 점검,In Progress,2025-06-06
685df192a2cd54b0683ea345,일정 조율,Done,2025-06-29
685df192a2cd54b0683ea345,회식 준비,To do,2025-06-30
685df192a2cd54b0683ea345,메일 확인,To do,2025-06-16
685df192a2cd54b0683ea345,업데이트 적용,Done,2025-07-01
685df192a2cd54b0683ea345,문서 작성,In Progress,2025-06-07
685df192a2cd54b0683ea345,코드 리뷰,In Progress,2025-06-24
685df192a2cd54b0683ea345,시연 준비,Done,2025-06-05
685df192a2cd54b0683ea345,데이터 분석,In Progress,2025-06-04
685df192a2cd54b0683ea346,고객 응대,In Progress,2025-06-04
685df192a2cd54b0683ea346,업데이트 적용,Done,2025-06-12
685df192a2cd54b0683ea346,코드 리뷰,To do,2025-06-15
685df192a2cd54b0683ea346,오류 수정,In Progress,2025-06-29
685df192a2cd54b0683ea346,고객 응대,To do,2025-06-02
685df192a2cd54b0683ea346,코드 리뷰,To do,2025-06-13
685df192a2cd54b0683ea346,시연 준비,Done,2025-06-09
685df192a2cd54b0683ea346,설계 문서 검토,Done,2025-06-10
685df192a2cd54b0683ea346,사내 교육,Done,2025-06-19
685df192a2cd54b0683ea346,보고서 작성,Done,2025-06-24
685df192a2cd54b0683ea347,업무 공유,Done,2025-06-10
685df192a2cd54b0683ea347,업무 공유,Done,2025-06-27
685df192a2cd54b0683ea347,메일 확인,To do,2025-06-19
685df192a2cd54b0683ea347,고객 응대,In Progress,2025-06-02
685df192a2cd54b0683ea347,회의 준비,In Progress,2025-06-25
685df192a2cd54b0683ea347,일정 조율,In Progress,2025-06-21
685df192a2cd54b0683ea347,업무 공유,Done,2025-06-30
685df192a2cd54b0683ea347,오류 수정,Done,2025-06-27
685df192a2cd54b0683ea347,회의록 작성,Done,2025-06-17
685df192a2cd54b0683ea347,코드 리뷰,To do,2025-06-26
685df192a2cd54b0683ea348,보고서 작성,Done,2025-06-26
685df192a2cd54b0683ea348,일정 조율,To do,2025-06-02
685df192a2cd54b0683ea348,업무 공유,In Progress,2025-06-29
685df192a2cd54b0683ea348,회의 준비,In Progress,2025-06-30
685df192a2cd54b0683ea348,메일 확인,In Progress,2025-06-06
685df192a2cd54b0683ea348,장비 점검,Done,2025-06-02
685df192a2cd54b0683ea348,발표 자료 제작,Done,2025-06-23
685df192a2cd54b0683ea348,회의록 작성,Done,2025-06-14
685df192a2cd54b0683ea348,데이터 분석,To do,2025-06-09
685df192a2cd54b0683ea348,회의록 작성,To do,2025-06-25
685df192a2cd54b0683ea349,자료 정리,In Progress,2025-06-23
685df192a2cd54b0683ea349,오류 수정,To do,2025-06-30
685df192a2cd54b0683ea349,발표 자료 제작,To do,2025-06-13
685df192a2cd54b0683ea349,발표 자료 제작,Done,2025-06-17
685df192a2cd54b0683ea349,회식 준비,To do,2025-06-10
685df192a2cd54b0683ea349,시연 준비,To do,2025-06-27
685df192a2cd54b0683ea349,업무 공유,To do,2025-06-09
685df192a2cd54b0683ea349,업무 공유,In Progress,2025-06-27
685df192a2cd54b0683ea349,장비 점검,In Progress,2025-06-18
685df192a2cd54b0683ea349,회식 준비,In Progress,2025-06-26
685df192a2cd54b0683ea34a,사내 교육,Done,2025-06-29
685df192a2cd54b0683ea34a,코드 리뷰,To do,2025-06-28
685df192a2cd54b0683ea34a,코드 리뷰,To do,2025-06-24
685df192a2cd54b0683ea34a,회의록 작성,In Progress,2025-06-14
685df192a2cd54b0683ea34a,자료 정리,Done,2025-06-03
685df192a2cd54b0683ea34a,사내 교육,In Progress,2025-06-20
685df192a2cd54b0683ea34a,발표 자료 제작,To do,2025-06-28
685df192a2cd54b0683ea34a,고객 응대,Done,2025-06-28
685df192a2cd54b0683ea34a,자료 정리,Done,2025-07-01
685df192a2cd54b0683ea34a,시연 준비,In Progress,2025-06-11
685df192a2cd54b0683ea34b,사내 교육,Done,2025-06-27
685df192a2cd54b0683ea34b,시연 준비,In Progress,2025-06-28
685df192a2cd54b0683ea34b,발표 자료 제작,To do,2025-06-15
685df192a2cd54b0683ea34b,회식 준비,In Progress,2025-06-24
685df192a2cd54b0683ea34b,문서 작성,To do,2025-06-02
685df192a2cd54b0683ea34b,코드 리뷰,In Progress,2025-06-18
685df192a2cd54b0683ea34b,보고서 작성,In Progress,2025-06-08
685df192a2cd54b0683ea34b,업무 공유,In Progress,2025-06-10
685df192a2cd54b0683ea34b,고객 응대,In Progress,2025-06-23
685df192a2cd54b0683ea34b,오류 수정,Done,2025-06-25
685df192a2cd54b0683ea34c,코드 리뷰,To do,2025-06-10
685df192a2cd54b0683ea34c,오류 수정,In Progress,2025-06-18
685df192a2cd54b0683ea34c,문서 작성,To do,2025-06-26
685df192a2cd54b0683ea34c,사내 교육,Done,2025-06-03
685df192a2cd54b0683ea34c,오류 수정,To do,2025-06-09
685df192a2cd54b0683ea34c,오류 수정,Done,2025-06-17
685df192a2cd54b0683ea34c,설계 문서 검토,To do,2025-06-06
685df192a2cd54b0683ea34c,회의록 작성,In Progress,2025-06-03
685df192a2cd54b0683ea34c,발표 자료 제작,To do,2025-06-27
685df192a2cd54b0683ea34c,회의 준비,To do,2025-06-20
685df192a2cd54b0683ea34d,메일 확인,Done,2025-06-10
685df192a2cd54b0683ea34d,자료 정리,To do,2025-06-14
685df192a2cd54b0683ea34d,발표 자료 제작,In Progress,2025-06-11
685df192a2cd54b0683ea34d,고객 응대,To do,2025-06-19
685df192a2cd54b0683ea34d,회의록 작성,To do,2025-06-22
685df192a2cd54b0683ea34d,회식 준비,In Progress,2025-06-13
685df192a2cd54b0683ea34d,업무 공유,Done,2025-06-30
685df192a2cd54b0683ea34d,자료 정리,To do,2025-06-14
685df192a2cd54b0683ea34d,시연 준비,Done,2025-06-25
685df192a2cd54b0683ea34d,사내 교육,Done,2025-06-12
685df192a2cd54b0683ea34e,일정 조율,In Progress,2025-06-20
685df192a2cd54b0683ea34e,시연 준비,In Progress,2025-07-01
685df192a2cd54b0683ea34e,발표 자료 제작,In Progress,2025-06-23
685df192a2cd54b0683ea34e,회의 준비,Done,2025-06-14
685df192a2cd54b0683ea34e,문서 작성,Done,2025-06-29
685df192a2cd54b0683ea34e,회식 준비,In Progress,2025-06-23
685df192a2cd54b0683ea34e,보고서 작성,To do,2025-06-04
685df192a2cd54b0683ea34e,설계 문서 검토,To do,2025-06-11
685df192a2cd54b0683ea34e,오류 수정,In Progress,2025-06-16
685df192a2cd54b0683ea34e,발표 자료 제작,To do,2025-06-18
685df192a2cd54b0683ea34f,기능 테스트,To do,2025-06-21
685df192a2cd54b0683ea34f,회의 준비,To do,2025-06-24
685df192a2cd54b0683ea34f,메일 확인,In Progress,2025-06-23
685df192a2cd54b0683ea34f,장비 점검,To do,2025-06-06
685df192a2cd54b0683ea34f,발표 자료 제작,To do,2025-06-16
685df192a2cd54b0683ea34f,장비 점검,In Progress,2025-06-09
685df192a2cd54b0683ea34f,데이터 분석,Done,2025-06-28
685df192a2cd54b0683ea34f,업무 공유,To do,2025-06-13
685df192a2cd54b0683ea34f,회식 준비,To do,2025-06-18
685df192a2cd54b0683ea34f,설계 문서 검토,In Progress,2025-06-03
685df192a2cd54b0683ea350,회의록 작성,In Progress,2025-06-24
685df192a2cd54b0683ea350,코드 리뷰,In Progress,2025-06-21
685df192a2cd54b0683ea350,일정 조율,Done,2025-06-14
685df192a2cd54b0683ea350,보고서 작성,Done,2025-06-26
685df192a2cd54b0683ea350,회식 준비,Done,2025-06-19
685df192a2cd54b0683ea350,오류 수정,In Progress,2025-06-20
685df192a2cd54b0683ea350,설계 문서 검토,In Progress,2025-06-04
685df192a2cd54b0683ea350,보고서 작성,Done,2025-06-27
685df192a2cd54b0683ea350,자료 정리,In Progress,2025-06-03
685df192a2cd54b0683ea350,회의 준비,To do,2025-06-29
685df192a2cd54b0683ea351,메일 확인,In Progress,2025-06-18
685df192a2cd54b0683ea351,사내 교육,To do,2025-06-28
685df192a2cd54b0683ea351,장비 점검,Done,2025-06-16
685df192a2cd54b0683ea351,메일 확인,Done,2025-06-15
685df192a2cd54b0683ea351,장비 점검,In Progress,2025-06-02
685df192a2cd54b0683ea351,회의 준비,In Progress,2025-06-14
685df192a2cd54b0683ea351,문서 작성,To do,2025-06-29
685df192a2cd54b0683ea351,시연 준비,In Progress,2025-06-15
685df192a2cd54b0683ea351,업데이트 적용,To do,2025-06-04
685df192a2cd54b0683ea351,회의록 작성,In Progress,2025-06-25
685df192a2cd54b0683ea352,업무 공유,In Progress,2025-06-08
685df192a2cd54b0683ea352,코드 리뷰,To do,2025-06-17
685df192a2cd54b0683ea352,회의록 작성,Done,2025-06-20
685df192a2cd54b0683ea352,회식 준비,In Progress,2025-06-18
685df192a2cd54b0683ea352,고객 응대,To do,2025-06-19
685df192a2cd54b0683ea352,장비 점검,Done,2025-06-07
685df192a2cd54b0683ea352,사내 교육,Done,2025-06-21
685df192a2cd54b0683ea352,회식 준비,Done,2025-06-22
685df192a2cd54b0683ea352,데이터 분석,In Progress,2025-06-08
685df192a2cd54b0683ea352,데이터 분석,To do,2025-06-15
685df192a2cd54b0683ea353,시연 준비,To do,2025-06-19
685df192a2cd54b0683ea353,고객 응대,To do,2025-06-24
685df192a2cd54b0683ea353,회식 준비,Done,2025-06-18
685df192a2cd54b0683ea353,일정 조율,To do,2025-06-20
685df192a2cd54b0683ea353,사내 교육,In Progress,2025-06-17
685df192a2cd54b0683ea353,시연 준비,In Progress,2025-06-27
685df192a2cd54b0683ea353,설계 문서 검토,Done,2025-06-05
685df192a2cd54b0683ea353,회의 준비,To do,2025-06-22
685df192a2cd54b0683ea353,자료 정리,In Progress,2025-07-01
685df192a2cd54b0683ea353,회의 준비,In Progress,2025-06-05
685df192a2cd54b0683ea354,회식 준비,To do,2025-06-13
685df192a2cd54b0683ea354,오류 수정,To do,2025-06-07
685df192a2cd54b0683ea354,발표 자료 제작,In Progress,2025-06-25
685df192a2cd54b0683ea354,회의 준비,Done,2025-06-11
685df192a2cd54b0683ea354,회의 준비,In Progress,2025-06-04
685df192a2cd54b0683ea354,회식 준비,To do,2025-06-21
685df192a2cd54b0683ea354,사내 교육,In Progress,2025-06-14
685df192a2cd54b0683ea354,오류 수정,In Progress,2025-06-08
685df192a2cd54b0683ea354,문서 작성,In Progress,2025-06-03
685df192a2cd54b0683ea354,회식 준비,Done,2025-06-24
685df192a2cd54b0683ea355,장비 점검,In Progress,2025-06-14
685df192a2cd54b0683ea355,오류 수정,In Progress,2025-06-06
685df192a2cd54b0683ea355,업무 공유,In Progress,2025-06-09
685df192a2cd54b0683ea355,설계 문서 검토,In Progress,2025-06-05
685df192a2cd54b0683ea355,발표 자료 제작,Done,2025-06-02
685df192a2cd54b0683ea355,고객 응대,To do,2025-06-11
685df192a2cd54b0683ea355,메일 확인,To do,2025-06-21
685df192a2cd54b0683ea355,업무 공유,In Progress,2025-06-13
685df192a2cd54b0683ea355,데이터 분석,Done,2025-06-19
685df192a2cd54b0683ea355,코드 리뷰,In Progress,2025-07-01
685df192a2cd54b0683ea356,보고서 작성,In Progress,2025-06-13
685df192a2cd54b0683ea356,회의 준비,In Progress,2025-06-04
685df192a2cd54b0683ea356,데이터 분석,In Progress,2025-06-19
685df192a2cd54b0683ea356,코드 리뷰,Done,2025-06-04
685df192a2cd54b0683ea356,문서 작성,To do,2025-06-24
685df192a2cd54b0683ea356,오류 수정,To do,2025-06-18
685df192a2cd54b0683ea356,일정 조율,To do,2025-06-06
685df192a2cd54b0683ea356,일정 조율,To do,2025-06-06
685df192a2cd54b0683ea356,회의록 작성,To do,2025-06-16
685df192a2cd54b0683ea356,업무 공유,To do,2025-06-09
685df192a2cd54b0683ea357,업무 공유,Done,2025-06-30
685df192a2cd54b0683ea357,고객 응대,In Progress,2025-07-01
685df192a2cd54b0683ea357,일정 조율,To do,2025-06-25
685df192a2cd54b0683ea357,회식 준비,Done,2025-06-23
685df192a2cd54b0683ea357,사내 교육,Done,2025-06-18
685df192a2cd54b0683ea357,코드 리뷰,Done,2025-06-08
685df192a2cd54b0683ea357,사내 교육,In Progress,2025-06-05
685df192a2cd54b0683ea357,회식 준비,Done,2025-06-26
685df192a2cd54b0683ea357,설계 문서 검토,In Progress,2025-06-30
685df192a2cd54b0683ea357,오류 수정,In Progress,2025-07-01
685df192a2cd54b0683ea358,메일 확인,Done,2025-06-18
685df192a2cd54b0683ea358,고객 응대,In Progress,2025-06-02
685df192a2cd54b0683ea358,사내 교육,To do,2025-06-03
685df192a2cd54b0683ea358,오류 수정,In Progress,2025-06-19
685df192a2cd54b0683ea358,문서 작성,To do,2025-06-19
685df192a2cd54b0683ea358,메일 확인,To do,2025-06-30
685df192a2cd54b0683ea358,코드 리뷰,Done,2025-07-01
685df192a2cd54b0683ea358,기능 테스트,Done,2025-06-26
685df192a2cd54b0683ea358,메일 확인,Done,2025-06-25
685df192a2cd54b0683ea358,문서 작성,Done,2025-06-03
685df192a2cd54b0683ea359,일정 조율,Done,2025-06-02
685df192a2cd54b0683ea359,고객 응대,In Progress,2025-06-07
685df192a2cd54b0683ea359,시연 준비,To do,2025-06-15
685df192a2cd54b0683ea359,회의록 작성,To do,2025-06-03
685df192a2cd54b0683ea359,기능 테스트,To do,2025-06-07
685df192a2cd54b0683ea359,회식 준비,In Progress,2025-06-09
685df192a2cd54b0683ea359,오류 수정,To do,2025-06-11
685df192a2cd54b0683ea359,일정 조율,Done,2025-06-20
685df192a2cd54b0683ea359,코드 리뷰,To do,2025-06-03
685df192a2cd54b0683ea359,고객 응대,In Progress,2025-06-09
685df192a2cd54b0683ea35a,설계 문서 검토,To do,2025-06-04
685df192a2cd54b0683ea35a,데이터 분석,In Progress,2025-06-08
685df192a2cd54b0683ea35a,발표 자료 제작,In Progress,2025-06-03
685df192a2cd54b0683ea35a,메일 확인,To do,2025-06-23
685df192a2cd54b0683ea35a,데이터 분석,In Progress,2025-07-01
685df192a2cd54b0683ea35a,기능 테스트,To do,2025-06-29
685df192a2cd54b0683ea35a,기능 테스트,Done,2025-06-05
685df192a2cd54b0683ea35a,회의 준비,Done,2025-06-27
685df192a2cd54b0683ea35a,메일 확인,Done,2025-06-25
685df192a2cd54b0683ea35a,회의 준비,To do,2025-06-24
685df192a2cd54b0683ea35b,사내 교육,To do,2025-06-26
685df192a2cd54b0683ea35b,코드 리뷰,In Progress,2025-06-06
685df192a2cd54b0683ea35b,설계 문서 검토,In Progress,2025-06-17
685df192a2cd54b0683ea35b,장비 점검,In Progress,2025-06-11
685df192a2cd54b0683ea35b,문서 작성,In Progress,2025-07-01
685df192a2cd54b0683ea35b,회의 준비,Done,2025-06-21
685df192a2cd54b0683ea35b,회식 준비,To do,2025-06-27
685df192a2cd54b0683ea35b,오류 수정,Done,2025-06-24
685df192a2cd54b0683ea35b,기능 테스트,To do,2025-06-03
685df192a2cd54b0683ea35b,업데이트 적용,Done,2025-06-04
685df192a2cd54b0683ea35c,회의 준비,In Progress,2025-07-01
685df192a2cd54b0683ea35c,데이터 분석,In Progress,2025-06-21
685df192a2cd54b0683ea35c,오류 수정,In Progress,2025-06-19
685df192a2cd54b0683ea35c,업무 공유,Done,2025-06-25
685df192a2cd54b0683ea35c,업데이트 적용,Done,2025-06-20
685df192a2cd54b0683ea35c,문서 작성,In Progress,2025-06-17
685df192a2cd54b0683ea35c,사내 교육,Done,2025-06-19
685df192a2cd54b0683ea35c,문서 작성,In Progress,2025-06-19
685df192a2cd54b0683ea35c,기능 테스트,Done,2025-06-09
685df192a2cd54b0683ea35c,코드 리뷰,To do,2025-06-12
685df192a2cd54b0683ea35d,고객 응대,In Progress,2025-06-12
685df192a2cd54b0683ea35d,고객 응대,In Progress,2025-06-02
685df192a2cd54b0683ea35d,회식 준비,In Progress,2025-06-02
685df192a2cd54b0683ea35d,오류 수정,In Progress,2025-06-10
685df192a2cd54b0683ea35d,회식 준비,To do,2025-06-06
685df192a2cd54b0683ea35d,장비 점검,Done,2025-06-24
685df192a2cd54b0683ea35d,자료 정리,Done,2025-06-14
685df192a2cd54b0683ea35d,메일 확인,To do,2025-06-17
685df192a2cd54b0683ea35d,코드 리뷰,Done,2025-06-03
685df192a2cd54b0683ea35d,문서 작성,To do,2025-06-14
685df192a2cd54b0683ea35e,시연 준비,To do,2025-06-21
685df192a2cd54b0683ea35e,사내 교육,Done,2025-06-30
685df192a2cd54b0683ea35e,코드 리뷰,To do,2025-06-03
685df192a2cd54b0683ea35e,회의록 작성,Done,2025-06-17
685df192a2cd54b0683ea35e,업무 공유,In Progress,2025-06-10
685df192a2cd54b0683ea35e,시연 준비,To do,2025-06-17
685df192a2cd54b0683ea35e,업데이트 적용,To do,2025-06-08
685df192a2cd54b0683ea35e,메일 확인,To do,2025-06-16
685df192a2cd54b0683ea35e,보고서 작성,To do,2025-06-08
685df192a2cd54b0683ea35e,오류 수정,In Progress,2025-06-27
685df192a2cd54b0683ea35f,일정 조율,Done,2025-06-10
685df192a2cd54b0683ea35f,코드 리뷰,In Progress,2025-06-14
685df192a2cd54b0683ea35f,회식 준비,To do,2025-06-28
685df192a2cd54b0683ea35f,문서 작성,To do,2025-06-22
685df192a2cd54b0683ea35f,고객 응대,To do,2025-06-15
685df192a2cd54b0683ea35f,회의록 작성,Done,2025-06-09
685df192a2cd54b0683ea35f,시연 준비,To do,2025-06-20
685df192a2cd54b0683ea35f,문서 작성,To do,2025-06-16
685df192a2cd54b0683ea35f,고객 응대,To do,2025-06-07
685df192a2cd54b0683ea35f,데이터 분석,To do,2025-06-27
685df192a2cd54b0683ea360,회식 준비,To do,2025-07-01
685df192a2cd54b0683ea360,보고서 작성,To do,2025-06-25
685df192a2cd54b0683ea360,오류 수정,In Progress,2025-06-26
685df192a2cd54b0683ea360,발표 자료 제작,To do,2025-06-15
685df192a2cd54b0683ea360,회의록 작성,In Progress,2025-06-09
685df192a2cd54b0683ea360,일정 조율,To do,2025-06-21
685df192a2cd54b0683ea360,사내 교육,Done,2025-06-29
685df192a2cd54b0683ea360,메일 확인,In Progress,2025-06-04
685df192a2cd54b0683ea360,메일 확인,Done,2025-06-12
685df192a2cd54b0683ea360,오류 수정,Done,2025-06-27
685df192a2cd54b0683ea361,장비 점검,In Progress,2025-06-25
685df192a2cd54b0683ea361,설계 문서 검토,To do,2025-06-24
685df192a2cd54b0683ea361,사내 교육,To do,2025-06-08
685df192a2cd54b0683ea361,업무 공유,To do,2025-06-20
685df192a2cd54b0683ea361,일정 조율,To do,2025-06-26
685df192a2cd54b0683ea361,일정 조율,In Progress,2025-06-12
685df192a2cd54b0683ea361,회의 준비,To do,2025-06-02
685df192a2cd54b0683ea361,문서 작성,To do,2025-06-12
685df192a2cd54b0683ea361,발표 자료 제작,To do,2025-06-24
685df192a2cd54b0683ea361,일정 조율,In Progress,2025-06-13
685df192a2cd54b0683ea362,발표 자료 제작,Done,2025-06-24
685df192a2cd54b0683ea362,코드 리뷰,In Progress,2025-06-20
685df192a2cd54b0683ea362,데이터 분석,To do,2025-06-19
685df192a2cd54b0683ea362,회의 준비,Done,2025-06-22
685df192a2cd54b0683ea362,보고서 작성,In Progress,2025-06-18
685df192a2cd54b0683ea362,장비 점검,To do,2025-06-10
685df192a2cd54b0683ea362,업데이트 적용,In Progress,2025-06-22
685df192a2cd54b0683ea362,회의록 작성,Done,2025-06-13
685df192a2cd54b0683ea362,시연 준비,Done,2025-06-05
685df192a2cd54b0683ea362,회의록 작성,To do,2025-06-14
685df192a2cd54b0683ea363,업데이트 적용,Done,2025-06-23
685df192a2cd54b0683ea363,사내 교육,To do,2025-06-18
685df192a2cd54b0683ea363,설계 문서 검토,Done,2025-06-02
685df192a2cd54b0683ea363,업무 공유,To do,2025-06-27
685df192a2cd54b0683ea363,오류 수정,Done,2025-06-15
685df192a2cd54b0683ea363,시연 준비,To do,2025-06-19
685df192a2cd54b0683ea363,회의 준비,In Progress,2025-06-14
685df192a2cd54b0683ea363,고객 응대,In Progress,2025-06-19
685df192a2cd54b0683ea363,데이터 분석,Done,2025-06-12
685df192a2cd54b0683ea363,사내 교육,To do,2025-06-02
685df192a2cd54b0683ea364,문서 작성,Done,2025-06-04
685df192a2cd54b0683ea364,업무 공유,Done,2025-06-22
685df192a2cd54b0683ea364,기능 테스트,To do,2025-06-05
685df192a2cd54b0683ea364,자료 정리,In Progress,2025-06-26
685df192a2cd54b0683ea364,시연 준비,In Progress,2025-06-05
685df192a2cd54b0683ea364,문서 작성,To do,2025-06-17
685df192a2cd54b0683ea364,자료 정리,To do,2025-06-12
685df192a2cd54b0683ea364,회식 준비,Done,2025-06-27
685df192a2cd54b0683ea364,자료 정리,To do,2025-06-29
685df192a2cd54b0683ea364,데이터 분석,To do,2025-06-24
685df192a2cd54b0683ea365,메일 확인,In Progress,2025-07-01
685df192a2cd54b0683ea365,문서 작성,To do,2025-06-16
685df192a2cd54b0683ea365,고객 응대,To do,2025-06-18
685df192a2cd54b0683ea365,업무 공유,In Progress,2025-06-30
685df192a2cd54b0683ea365,회의 준비,To do,2025-06-14
685df192a2cd54b0683ea365,오류 수정,Done,2025-06-06
685df192a2cd54b0683ea365,자료 정리,Done,2025-06-26
685df192a2cd54b0683ea365,설계 문서 검토,Done,2025-06-27
685df192a2cd54b0683ea365,회의록 작성,Done,2025-06-20
685df192a2cd54b0683ea365,코드 리뷰,To do,2025-06-19
685df192a2cd54b0683ea366,자료 정리,Done,2025-06-25
685df192a2cd54b0683ea366,사내 교육,In Progress,2025-06-28
685df192a2cd54b0683ea366,기능 테스트,To do,2025-06-03
685df192a2cd54b0683ea366,회의 준비,Done,2025-06-26
685df192a2cd54b0683ea366,업무 공유,Done,2025-06-30
685df192a2cd54b0683ea366,설계 문서 검토,Done,2025-06-02
685df192a2cd54b0683ea366,메일 확인,Done,2025-06-18
685df192a2cd54b0683ea366,장비 점검,Done,2025-06-06
685df192a2cd54b0683ea366,메일 확인,Done,2025-06-20
685df192a2cd54b0683ea366,코드 리뷰,In Progress,2025-07-01
685df192a2cd54b0683ea367,보고서 작성,To do,2025-06-25
685df192a2cd54b0683ea367,코드 리뷰,In Progress,2025-06-11
685df192a2cd54b0683ea367,자료 정리,In Progress,2025-06-28
685df192a2cd54b0683ea367,발표 자료 제작,Done,2025-06-08
685df192a2cd54b0683ea367,일정 조율,Done,2025-06-14
685df192a2cd54b0683ea367,장비 점검,To do,2025-06-19
685df192a2cd54b0683ea367,회의록 작성,To do,2025-06-11
685df192a2cd54b0683ea367,보고서 작성,To do,2025-06-25
685df192a2cd54b0683ea367,문서 작성,To do,2025-06-25
685df192a2cd54b0683ea367,업데이트 적용,To do,2025-06-07
685df192a2cd54b0683ea368,보고서 작성,Done,2025-06-08
685df192a2cd54b0683ea368,회의 준비,Done,2025-06-12
685df192a2cd54b0683ea368,보고서 작성,Done,2025-06-30
685df192a2cd54b0683ea368,회식 준비,Done,2025-06-04
685df192a2cd54b0683ea368,자료 정리,To do,2025-06-28
685df192a2cd54b0683ea368,일정 조율,Done,2025-06-13
685df192a2cd54b0683ea368,설계 문서 검토,Done,2025-06-08
685df192a2cd54b0683ea368,설계 문서 검토,In Progress,2025-06-23
685df192a2cd54b0683ea368,데이터 분석,Done,2025-06-15
685df192a2cd54b0683ea368,회의 준비,To do,2025-06-16
685df192a2cd54b0683ea369,발표 자료 제작,To do,2025-06-13
685df192a2cd54b0683ea369,일정 조율,In Progress,2025-06-16
685df192a2cd54b0683ea369,기능 테스트,Done,2025-06-10
685df192a2cd54b0683ea369,사내 교육,In Progress,2025-06-13
685df192a2cd54b0683ea369,일정 조율,To do,2025-06-14
685df192a2cd54b0683ea369,회의록 작성,To do,2025-06-12
685df192a2cd54b0683ea369,일정 조율,Done,2025-06-19
685df192a2cd54b0683ea369,설계 문서 검토,Done,2025-06-09
685df192a2cd54b0683ea369,업무 공유,To do,2025-06-12
685df192a2cd54b0683ea369,회식 준비,In Progress,2025-06-30
685df192a2cd54b0683ea36a,코드 리뷰,In Progress,2025-06-30
685df192a2cd54b0683ea36a,데이터 분석,In Progress,2025-06-26
685df192a2cd54b0683ea36a,시연 준비,To do,2025-06-29
685df192a2cd54b0683ea36a,시연 준비,To do,2025-06-19
685df192a2cd54b0683ea36a,회의 준비,To do,2025-06-09
685df192a2cd54b0683ea36a,업무 공유,Done,2025-06-07
685df192a2cd54b0683ea36a,오류 수정,Done,2025-06-13
685df192a2cd54b0683ea36a,장비 점검,To do,2025-06-04
685df192a2cd54b0683ea36a,장비 점검,Done,2025-06-08
685df192a2cd54b0683ea36a,사내 교육,To do,2025-06-07
685df192a2cd54b0683ea36b,회의록 작성,Done,2025-06-25
685df192a2cd54b0683ea36b,메일 확인,To do,2025-06-07
685df192a2cd54b0683ea36b,시연 준비,To do,2025-06-04
685df192a2cd54b0683ea36b,코드 리뷰,To do,2025-06-14
685df192a2cd54b0683ea36b,기능 테스트,In Progress,2025-06-30
685df192a2cd54b0683ea36b,장비 점검,In Progress,2025-06-28
685df192a2cd54b0683ea36b,회의록 작성,Done,2025-06-22
685df192a2cd54b0683ea36b,업데이트 적용,In Progress,2025-06-09
685df192a2cd54b0683ea36b,장비 점검,To do,2025-06-23
685df192a2cd54b0683ea36b,회의 준비,In Progress,2025-06-23
685df192a2cd54b0683ea36c,시연 준비,In Progress,2025-06-05
685df192a2cd54b0683ea36c,업데이트 적용,In Progress,2025-06-06
685df192a2cd54b0683ea36c,장비 점검,To do,2025-06-11
685df192a2cd54b0683ea36c,보고서 작성,Done,2025-06-09
685df192a2cd54b0683ea36c,사내 교육,To do,2025-06-14
685df192a2cd54b0683ea36c,사내 교육,To do,2025-06-13
685df192a2cd54b0683ea36c,회의 준비,In Progress,2025-06-26
685df192a2cd54b0683ea36c,메일 확인,In Progress,2025-06-20
685df192a2cd54b0683ea36c,문서 작성,Done,2025-06-25
685df192a2cd54b0683ea36c,기능 테스트,In Progress,2025-06-10
685df192a2cd54b0683ea36d,시연 준비,To do,2025-06-24
685df192a2cd54b0683ea36d,장비 점검,To do,2025-06-22
685df192a2cd54b0683ea36d,업무 공유,In Progress,2025-07-01
685df192a2cd54b0683ea36d,오류 수정,Done,2025-06-27
685df192a2cd54b0683ea36d,기능 테스트,To do,2025-06-16
685df192a2cd54b0683ea36d,일정 조율,To do,2025-06-07
685df192a2cd54b0683ea36d,기능 테스트,To do,2025-06-13
685df192a2cd54b0683ea36d,일정 조율,To do,2025-06-12
685df192a2cd54b0683ea36d,오류 수정,To do,2025-06-11
685df192a2cd54b0683ea36d,보고서 작성,To do,2025-06-23
685df192a2cd54b0683ea36e,설계 문서 검토,Done,2025-06-14
685df192a2cd54b0683ea36e,고객 응대,To do,2025-06-08
685df192a2cd54b0683ea36e,코드 리뷰,To do,2025-06-11
685df192a2cd54b0683ea36e,회식 준비,To do,2025-06-28
685df192a2cd54b0683ea36e,코드 리뷰,Done,2025-06-24
685df192a2cd54b0683ea36e,오류 수정,In Progress,2025-06-16
685df192a2cd54b0683ea36e,코드 리뷰,Done,2025-06-24
685df192a2cd54b0683ea36e,자료 정리,To do,2025-06-30
685df192a2cd54b0683ea36e,업무 공유,In Progress,2025-06-05
685df192a2cd54b0683ea36e,기능 테스트,In Progress,2025-06-15
685df192a2cd54b0683ea36f,발표 자료 제작,Done,2025-06-27
685df192a2cd54b0683ea36f,회의록 작성,To do,2025-06-03
685df192a2cd54b0683ea36f,발표 자료 제작,In Progress,2025-06-08
685df192a2cd54b0683ea36f,회의 준비,Done,2025-06-03
685df192a2cd54b0683ea36f,회의 준비,In Progress,2025-06-17
685df192a2cd54b0683ea36f,보고서 작성,To do,2025-06-10
685df192a2cd54b0683ea36f,자료 정리,Done,2025-06-18
685df192a2cd54b0683ea36f,고객 응대,In Progress,2025-06-10
685df192a2cd54b0683ea36f,업데이트 적용,In Progress,2025-06-24
685df192a2cd54b0683ea36f,오류 수정,Done,2025-06-09
685df192a2cd54b0683ea370,회식 준비,Done,2025-06-11
685df192a2cd54b0683ea370,설계 문서 검토,In Progress,2025-06-16
685df192a2cd54b0683ea370,데이터 분석,Done,2025-06-18
685df192a2cd54b0683ea370,사내 교육,To do,2025-06-20
685df192a2cd54b0683ea370,장비 점검,Done,2025-06-02
685df192a2cd54b0683ea370,업무 공유,Done,2025-06-11
685df192a2cd54b0683ea370,일정 조율,To do,2025-07-01
685df192a2cd54b0683ea370,기능 테스트,Done,2025-06-28
685df192a2cd54b0683ea370,오류 수정,To do,2025-06-27
685df192a2cd54b0683ea370,오류 수정,In Progress,2025-06-29
685df192a2cd54b0683ea371,보고서 작성,To do,2025-06-06
685df192a2cd54b0683ea371,업무 공유,Done,2025-06-02
685df192a2cd54b0683ea371,설계 문서 검토,To do,2025-06-10
685df192a2cd54b0683ea371,발표 자료 제작,Done,2025-06-05
685df192a2cd54b0683ea371,사내 교육,In Progress,2025-06-28
685df192a2cd54b0683ea371,시연 준비,To do,2025-06-28
685df192a2cd54b0683ea371,사내 교육,To do,2025-06-05
685df192a2cd54b0683ea371,일정 조율,To do,2025-06-28
685df192a2cd54b0683ea371,사내 교육,To do,2025-06-06
685df192a2cd54b0683ea371,회의록 작성,In Progress,2025-06-25
685df192a2cd54b0683ea372,회의 준비,In Progress,2025-06-03
685df192a2cd54b0683ea372,자료 정리,In Progress,2025-06-24
685df192a2cd54b0683ea372,설계 문서 검토,To do,2025-06-04
685df192a2cd54b0683ea372,사내 교육,In Progress,2025-06-19
685df192a2cd54b0683ea372,오류 수정,Done,2025-06-18
685df192a2cd54b0683ea372,데이터 분석,To do,2025-06-12
685df192a2cd54b0683ea372,시연 준비,To do,2025-06-20
685df192a2cd54b0683ea372,오류 수정,To do,2025-06-19
685df192a2cd54b0683ea372,사내 교육,Done,2025-06-10
685df192a2cd54b0683ea372,문서 작성,To do,2025-06-19
685df192a2cd54b0683ea373,장비 점검,In Progress,2025-06-24
685df192a2cd54b0683ea373,자료 정리,To do,2025-06-07
685df192a2cd54b0683ea373,시연 준비,In Progress,2025-06-10
685df192a2cd54b0683ea373,시연 준비,In Progress,2025-06-11
685df192a2cd54b0683ea373,메일 확인,To do,2025-06-22
685df192a2cd54b0683ea373,발표 자료 제작,To do,2025-06-04
685df192a2cd54b0683ea373,코드 리뷰,Done,2025-06-06
685df192a2cd54b0683ea373,일정 조율,In Progress,2025-06-08
685df192a2cd54b0683ea373,장비 점검,In Progress,2025-06-24
685df192a2cd54b0683ea373,문서 작성,To do,2025-06-15
685df192a2cd54b0683ea374,회식 준비,Done,2025-06-24
685df192a2cd54b0683ea374,회식 준비,To do,2025-06-16
685df192a2cd54b0683ea374,사내 교육,Done,2025-06-11
685df192a2cd54b0683ea374,보고서 작성,Done,2025-06-11
685df192a2cd54b0683ea374,회의록 작성,In Progress,2025-06-19
685df192a2cd54b0683ea374,발표 자료 제작,In Progress,2025-06-09
685df192a2cd54b0683ea374,보고서 작성,In Progress,2025-06-15
685df192a2cd54b0683ea374,설계 문서 검토,To do,2025-06-07
685df192a2cd54b0683ea374,사내 교육,To do,2025-06-04
685df192a2cd54b0683ea374,데이터 분석,Done,2025-06-05
685df192a2cd54b0683ea375,회의록 작성,To do,2025-06-19
685df192a2cd54b0683ea375,오류 수정,To do,2025-06-05
685df192a2cd54b0683ea375,보고서 작성,Done,2025-06-17
685df192a2cd54b0683ea375,사내 교육,In Progress,2025-06-24
685df192a2cd54b0683ea375,회의록 작성,In Progress,2025-06-15
685df192a2cd54b0683ea375,업무 공유,To do,2025-06-29
685df192a2cd54b0683ea375,데이터 분석,In Progress,2025-06-21
685df192a2cd54b0683ea375,오류 수정,Done,2025-06-17
685df192a2cd54b0683ea375,문서 작성,In Progress,2025-06-26
685df192a2cd54b0683ea375,설계 문서 검토,To do,2025-06-27
685df192a2cd54b0683ea376,문서 작성,Done,2025-06-09
685df192a2cd54b0683ea376,사내 교육,Done,2025-06-25
685df192a2cd54b0683ea376,회의록 작성,To do,2025-06-19
685df192a2cd54b0683ea376,데이터 분석,To do,2025-06-15
685df192a2cd54b0683ea376,기능 테스트,In Progress,2025-06-26
685df192a2cd54b0683ea376,메일 확인,In Progress,2025-06-28
685df192a2cd54b0683ea376,보고서 작성,To do,2025-06-23
685df192a2cd54b0683ea376,회의 준비,In Progress,2025-07-01
685df192a2cd54b0683ea376,메일 확인,To do,2025-06-08
685df192a2cd54b0683ea376,회식 준비,To do,2025-06-11
685df192a2cd54b0683ea377,사내 교육,In Progress,2025-06-09
685df192a2cd54b0683ea377,오류 수정,Done,2025-06-20
685df192a2cd54b0683ea377,사내 교육,To do,2025-06-13
685df192a2cd54b0683ea377,자료 정리,In Progress,2025-06-26
685df192a2cd54b0683ea377,오류 수정,In Progress,2025-06-03
685df192a2cd54b0683ea377,발표 자료 제작,To do,2025-06-19
685df192a2cd54b0683ea377,회의록 작성,In Progress,2025-06-25
685df192a2cd54b0683ea377,메일 확인,Done,2025-06-24
685df192a2cd54b0683ea377,시연 준비,Done,2025-06-02
685df192a2cd54b0683ea377,보고서 작성,To do,2025-06-08
685df192a2cd54b0683ea378,사내 교육,Done,2025-06-20
685df192a2cd54b0683ea378,고객 응대,To do,2025-06-06
685df192a2cd54b0683ea378,코드 리뷰,In Progress,2025-06-09
685df192a2cd54b0683ea378,메일 확인,In Progress,2025-06-17
685df192a2cd54b0683ea378,시연 준비,In Progress,2025-06-30
685df192a2cd54b0683ea378,보고서 작성,Done,2025-06-27
685df192a2cd54b0683ea378,업데이트 적용,In Progress,2025-07-01
685df192a2cd54b0683ea378,데이터 분석,Done,2025-06-12
685df192a2cd54b0683ea378,회의록 작성,In Progress,2025-06-24
685df192a2cd54b0683ea378,사내 교육,Done,2025-06-06
685df192a2cd54b0683ea379,코드 리뷰,Done,2025-06-08
685df192a2cd54b0683ea379,고객 응대,In Progress,2025-06-14
685df192a2cd54b0683ea379,보고서 작성,In Progress,2025-06-24
685df192a2cd54b0683ea379,보고서 작성,Done,2025-06-14
685df192a2cd54b0683ea379,일정 조율,To do,2025-06-20
685df192a2cd54b0683ea379,일정 조율,In Progress,2025-06-07
685df192a2cd54b0683ea379,회의 준비,In Progress,2025-06-11
685df192a2cd54b0683ea379,기능 테스트,Done,2025-06-16
685df192a2cd54b0683ea379,자료 정리,In Progress,2025-06-02
685df192a2cd54b0683ea379,업무 공유,To do,2025-06-25
685df192a2cd54b0683ea37a,업데이트 적용,To do,2025-06-15
685df192a2cd54b0683ea37a,업데이트 적용,In Progress,2025-06-25
685df192a2cd54b0683ea37a,보고서 작성,In Progress,2025-06-21
685df192a2cd54b0683ea37a,발표 자료 제작,Done,2025-06-28
685df192a2cd54b0683ea37a,데이터 분석,To do,2025-06-18
685df192a2cd54b0683ea37a,보고서 작성,In Progress,2025-06-14
685df192a2cd54b0683ea37a,회의록 작성,In Progress,2025-06-07
685df192a2cd54b0683ea37a,장비 점검,In Progress,2025-07-01
685df192a2cd54b0683ea37a,오류 수정,To do,2025-06-03
685df192a2cd54b0683ea37a,회의록 작성,To do,2025-06-22
685df192a2cd54b0683ea37b,회의록 작성,In Progress,2025-06-27
685df192a2cd54b0683ea37b,업데이트 적용,Done,2025-06-23
685df192a2cd54b0683ea37b,보고서 작성,In Progress,2025-06-15
685df192a2cd54b0683ea37b,회식 준비,Done,2025-06-21
685df192a2cd54b0683ea37b,일정 조율,In Progress,2025-06-29
685df192a2cd54b0683ea37b,사내 교육,In Progress,2025-06-15
685df192a2cd54b0683ea37b,회식 준비,To do,2025-06-03
685df192a2cd54b0683ea37b,회의록 작성,Done,2025-06-29
685df192a2cd54b0683ea37b,회의 준비,To do,2025-06-29
685df192a2cd54b0683ea37b,설계 문서 검토,Done,2025-06-19
685df192a2cd54b0683ea37c,발표 자료 제작,In Progress,2025-06-25
685df192a2cd54b0683ea37c,보고서 작성,In Progress,2025-06-16
685df192a2cd54b0683ea37c,자료 정리,Done,2025-06-16
685df192a2cd54b0683ea37c,기능 테스트,To do,2025-06-23
685df192a2cd54b0683ea37c,데이터 분석,Done,2025-06-26
685df192a2cd54b0683ea37c,발표 자료 제작,In Progress,2025-06-21
685df192a2cd54b0683ea37c,업데이트 적용,In Progress,2025-06-24
685df192a2cd54b0683ea37c,기능 테스트,In Progress,2025-06-19
685df192a2cd54b0683ea37c,자료 정리,In Progress,2025-06-17
685df192a2cd54b0683ea37c,메일 확인,In Progress,2025-06-05
685df192a2cd54b0683ea37d,업데이트 적용,To do,2025-06-07
685df192a2cd54b0683ea37d,업무 공유,Done,2025-06-12
685df192a2cd54b0683ea37d,시연 준비,Done,2025-06-14
685df192a2cd54b0683ea37d,회의 준비,To do,2025-06-16
685df192a2cd54b0683ea37d,발표 자료 제작,To do,2025-06-19
685df192a2cd54b0683ea37d,데이터 분석,To do,2025-06-18
685df192a2cd54b0683ea37d,업데이트 적용,Done,2025-06-04
685df192a2cd54b0683ea37d,시연 준비,In Progress,2025-06-17
685df192a2cd54b0683ea37d,설계 문서 검토,To do,2025-06-26
685df192a2cd54b0683ea37d,코드 리뷰,To do,2025-06-03
685df192a2cd54b0683ea37e,회의 준비,Done,2025-06-05
685df192a2cd54b0683ea37e,코드 리뷰,Done,2025-06-30
685df192a2cd54b0683ea37e,일정 조율,Done,2025-06-18
685df192a2cd54b0683ea37e,자료 정리,To do,2025-06-02
685df192a2cd54b0683ea37e,고객 응대,To do,2025-06-28
685df192a2cd54b0683ea37e,업데이트 적용,To do,2025-06-25
685df192a2cd54b0683ea37e,업데이트 적용,Done,2025-07-01
685df192a2cd54b0683ea37e,코드 리뷰,Done,2025-06-23
685df192a2cd54b0683ea37e,보고서 작성,To do,2025-06-25
685df192a2cd54b0683ea37e,업무 공유,Done,2025-06-16
685df192a2cd54b0683ea37f,데이터 분석,To do,2025-06-22
685df192a2cd54b0683ea37f,설계 문서 검토,Done,2025-06-03
685df192a2cd54b0683ea37f,장비 점검,To do,2025-06-25
685df192a2cd54b0683ea37f,설계 문서 검토,In Progress,2025-06-14
685df192a2cd54b0683ea37f,문서 작성,To do,2025-06-19
685df192a2cd54b0683ea37f,발표 자료 제작,In Progress,2025-06-28
685df192a2cd54b0683ea37f,데이터 분석,Done,2025-06-16
685df192a2cd54b0683ea37f,일정 조율,In Progress,2025-06-07
685df192a2cd54b0683ea37f,일정 조율,To do,2025-06-02
685df192a2cd54b0683ea37f,보고서 작성,Done,2025-06-10
685df192a2cd54b0683ea380,사내 교육,Done,2025-06-08
685df192a2cd54b0683ea380,코드 리뷰,To do,2025-06-06
685df192a2cd54b0683ea380,일정 조율,Done,2025-06-04
685df192a2cd54b0683ea380,메일 확인,Done,2025-06-18
685df192a2cd54b0683ea380,일정 조율,To do,2025-06-18
685df192a2cd54b0683ea380,문서 작성,Done,2025-07-01
685df192a2cd54b0683ea380,회의 준비,To do,2025-06-13
685df192a2cd54b0683ea380,설계 문서 검토,In Progress,2025-06-02
685df192a2cd54b0683ea380,기능 테스트,In Progress,2025-06-25
685df192a2cd54b0683ea380,업무 공유,Done,2025-06-14
685df192a2cd54b0683ea381,발표 자료 제작,To do,2025-06-05
685df192a2cd54b0683ea381,업무 공유,To do,2025-06-16
685df192a2cd54b0683ea381,회의 준비,In Progress,2025-06-24
685df192a2cd54b0683ea381,설계 문서 검토,Done,2025-06-14
685df192a2cd54b0683ea381,메일 확인,In Progress,2025-06-12
685df192a2cd54b0683ea381,보고서 작성,Done,2025-06-21
685df192a2cd54b0683ea381,메일 확인,In Progress,2025-06-24
685df192a2cd54b0683ea381,코드 리뷰,To do,2025-06-05
685df192a2cd54b0683ea381,업무 공유,In Progress,2025-06-11
685df192a2cd54b0683ea381,자료 정리,Done,2025-06-18
685df192a2cd54b0683ea382,사내 교육,Done,2025-06-28
685df192a2cd54b0683ea382,고객 응대,In Progress,2025-06-15
685df192a2cd54b0683ea382,기능 테스트,Done,2025-06-03
685df192a2cd54b0683ea382,메일 확인,Done,2025-06-18
685df192a2cd54b0683ea382,오류 수정,To do,2025-06-02
685df192a2cd54b0683ea382,장비 점검,In Progress,2025-06-14
685df192a2cd54b0683ea382,일정 조율,To do,2025-06-22
685df192a2cd54b0683ea382,업데이트 적용,Done,2025-06-21
685df192a2cd54b0683ea382,회의록 작성,In Progress,2025-06-27
685df192a2cd54b0683ea382,데이터 분석,In Progress,2025-06-15
685df192a2cd54b0683ea383,데이터 분석,Done,2025-06-06
685df192a2cd54b0683ea383,설계 문서 검토,Done,2025-06-22
685df192a2cd54b0683ea383,시연 준비,To do,2025-06-05
685df192a2cd54b0683ea383,업무 공유,In Progress,2025-06-12
685df192a2cd54b0683ea383,발표 자료 제작,In Progress,2025-06-20
685df192a2cd54b0683ea383,코드 리뷰,Done,2025-06-10
685df192a2cd54b0683ea383,데이터 분석,In Progress,2025-06-18
685df192a2cd54b0683ea383,일정 조율,In Progress,2025-06-21
685df192a2cd54b0683ea383,코드 리뷰,To do,2025-06-16
685df192a2cd54b0683ea383,보고서 작성,To do,2025-06-29
685df192a2cd54b0683ea384,회의 준비,In Progress,2025-06-14
685df192a2cd54b0683ea384,기능 테스트,In Progress,2025-06-24
685df192a2cd54b0683ea384,문서 작성,To do,2025-06-24
685df192a2cd54b0683ea384,발표 자료 제작,In Progress,2025-06-29
685df192a2cd54b0683ea384,업데이트 적용,In Progress,2025-06-03
685df192a2cd54b0683ea384,문서 작성,To do,2025-06-11
685df192a2cd54b0683ea384,시연 준비,To do,2025-06-09
685df192a2cd54b0683ea384,일정 조율,Done,2025-06-28
685df192a2cd54b0683ea384,시연 준비,In Progress,2025-06-11
685df192a2cd54b0683ea384,장비 점검,To do,2025-06-13
685df192a2cd54b0683ea385,설계 문서 검토,Done,2025-06-20
685df192a2cd54b0683ea385,회의 준비,To do,2025-06-22
685df192a2cd54b0683ea385,사내 교육,In Progress,2025-07-01
685df192a2cd54b0683ea385,사내 교육,In Progress,2025-06-23
685df192a2cd54b0683ea385,오류 수정,Done,2025-06-23
685df192a2cd54b0683ea385,회식 준비,In Progress,2025-06-29
685df192a2cd54b0683ea385,장비 점검,To do,2025-06-08
685df192a2cd54b0683ea385,보고서 작성,Done,2025-06-06
685df192a2cd54b0683ea385,발표 자료 제작,Done,2025-06-06
685df192a2cd54b0683ea385,보고서 작성,To do,2025-06-14
685df192a2cd54b0683ea386,시연 준비,In Progress,2025-06-07
685df192a2cd54b0683ea386,오류 수정,In Progress,2025-06-14
685df192a2cd54b0683ea386,문서 작성,In Progress,2025-06-13
685df192a2cd54b0683ea386,설계 문서 검토,Done,2025-06-11
685df192a2cd54b0683ea386,회의록 작성,In Progress,2025-06-17
685df192a2cd54b0683ea386,코드 리뷰,In Progress,2025-06-15
685df192a2cd54b0683ea386,고객 응대,To do,2025-06-22
685df192a2cd54b0683ea386,자료 정리,To do,2025-06-23
685df192a2cd54b0683ea386,회의록 작성,In Progress,2025-06-02
685df192a2cd54b0683ea386,회식 준비,To do,2025-06-04
685df192a2cd54b0683ea387,일정 조율,To do,2025-06-10
685df192a2cd54b0683ea387,문서 작성,To do,2025-06-03
685df192a2cd54b0683ea387,코드 리뷰,Done,2025-06-19
685df192a2cd54b0683ea387,회의록 작성,Done,2025-06-24
685df192a2cd54b0683ea387,회의 준비,In Progress,2025-06-16
685df192a2cd54b0683ea387,일정 조율,To do,2025-06-26
685df192a2cd54b0683ea387,코드 리뷰,To do,2025-06-20
685df192a2cd54b0683ea387,기능 테스트,Done,2025-06-07
685df192a2cd54b0683ea387,코드 리뷰,In Progress,2025-06-08
685df192a2cd54b0683ea387,코드 리뷰,In Progress,2025-06-19
685df192a2cd54b0683ea388,업데이트 적용,Done,2025-06-19
685df192a2cd54b0683ea388,메일 확인,Done,2025-06-04
685df192a2cd54b0683ea388,업무 공유,In Progress,2025-06-19
685df192a2cd54b0683ea388,데이터 분석,To do,2025-06-06
685df192a2cd54b0683ea388,코드 리뷰,In Progress,2025-06-11
685df192a2cd54b0683ea388,오류 수정,To do,2025-06-25
685df192a2cd54b0683ea388,발표 자료 제작,Done,2025-06-24
685df192a2cd54b0683ea388,시연 준비,To do,2025-06-15
685df192a2cd54b0683ea388,설계 문서 검토,In Progress,2025-06-15
685df192a2cd54b0683ea388,업무 공유,In Progress,2025-06-17
685df192a2cd54b0683ea389,회의록 작성,In Progress,2025-06-10
685df192a2cd54b0683ea389,코드 리뷰,To do,2025-06-24
685df192a2cd54b0683ea389,회의 준비,To do,2025-07-01
685df192a2cd54b0683ea389,오류 수정,In Progress,2025-06-17
685df192a2cd54b0683ea389,회의 준비,Done,2025-06-14
685df192a2cd54b0683ea389,메일 확인,Done,2025-06-11
685df192a2cd54b0683ea389,보고서 작성,To do,2025-06-03
685df192a2cd54b0683ea389,자료 정리,In Progress,2025-06-04
685df192a2cd54b0683ea389,데이터 분석,Done,2025-06-16
685df192a2cd54b0683ea389,일정 조율,To do,2025-06-11
685df192a2cd54b0683ea38a,메일 확인,Done,2025-06-10
685df192a2cd54b0683ea38a,문서 작성,Done,2025-06-18
685df192a2cd54b0683ea38a,장비 점검,In Progress,2025-07-01
685df192a2cd54b0683ea38a,시연 준비,To do,2025-06-21
685df192a2cd54b0683ea38a,문서 작성,To do,2025-06-18
685df192a2cd54b0683ea38a,회식 준비,Done,2025-06-20
685df192a2cd54b0683ea38a,회의 준비,In Progress,2025-06-29
685df192a2cd54b0683ea38a,문서 작성,In Progress,2025-06-06
685df192a2cd54b0683ea38a,문서 작성,To do,2025-06-27
685df192a2cd54b0683ea38a,사내 교육,To do,2025-06-17
685df192a2cd54b0683ea38b,회의 준비,To do,2025-06-18
685df192a2cd54b0683ea38b,기능 테스트,In Progress,2025-06-10
685df192a2cd54b0683ea38b,일정 조율,In Progress,2025-07-01
685df192a2cd54b0683ea38b,사내 교육,In Progress,2025-06-29
685df192a2cd54b0683ea38b,코드 리뷰,In Progress,2025-06-23
685df192a2cd54b0683ea38b,시연 준비,Done,2025-06-04
685df192a2cd54b0683ea38b,데이터 분석,Done,2025-06-23
685df192a2cd54b0683ea38b,장비 점검,To do,2025-06-15
685df192a2cd54b0683ea38b,일정 조율,Done,2025-06-20
685df192a2cd54b0683ea38b,설계 문서 검토,To do,2025-06-20
685df192a2cd54b0683ea38c,업데이트 적용,To do,2025-06-02
685df192a2cd54b0683ea38c,문서 작성,Done,2025-06-15
685df192a2cd54b0683ea38c,발표 자료 제작,In Progress,2025-06-14
685df192a2cd54b0683ea38c,고객 응대,Done,2025-06-14
685df192a2cd54b0683ea38c,회식 준비,Done,2025-06-13
685df192a2cd54b0683ea38c,기능 테스트,Done,2025-06-16
685df192a2cd54b0683ea38c,업무 공유,Done,2025-06-25
685df192a2cd54b0683ea38c,코드 리뷰,In Progress,2025-06-17
685df192a2cd54b0683ea38c,고객 응대,Done,2025-06-10
685df192a2cd54b0683ea38c,데이터 분석,Done,2025-06-12
685df192a2cd54b0683ea38d,고객 응대,To do,2025-07-01
685df192a2cd54b0683ea38d,회의 준비,To do,2025-06-10
685df192a2cd54b0683ea38d,사내 교육,Done,2025-06-24
685df192a2cd54b0683ea38d,회식 준비,Done,2025-06-09
685df192a2cd54b0683ea38d,회식 준비,To do,2025-06-17
685df192a2cd54b0683ea38d,사내 교육,Done,2025-06-11
685df192a2cd54b0683ea38d,회의 준비,To do,2025-06-30
685df192a2cd54b0683ea38d,사내 교육,To do,2025-07-01
685df192a2cd54b0683ea38d,메일 확인,In Progress,2025-06-04
685df192a2cd54b0683ea38d,오류 수정,To do,2025-06-30
685df192a2cd54b0683ea38e,업데이트 적용,In Progress,2025-06-21
685df192a2cd54b0683ea38e,업데이트 적용,To do,2025-06-19
685df192a2cd54b0683ea38e,발표 자료 제작,To do,2025-06-18
685df192a2cd54b0683ea38e,데이터 분석,In Progress,2025-06-11
685df192a2cd54b0683ea38e,자료 정리,In Progress,2025-06-02
685df192a2cd54b0683ea38e,설계 문서 검토,To do,2025-06-26
685df192a2cd54b0683ea38e,설계 문서 검토,To do,2025-06-14
685df192a2cd54b0683ea38e,고객 응대,In Progress,2025-06-24
685df192a2cd54b0683ea38e,회의록 작성,Done,2025-06-17
685df192a2cd54b0683ea38e,회의록 작성,To do,2025-06-11
685df192a2cd54b0683ea38f,발표 자료 제작,Done,2025-06-24
685df192a2cd54b0683ea38f,기능 테스트,In Progress,2025-06-29
685df192a2cd54b0683ea38f,회식 준비,Done,2025-06-13
685df192a2cd54b0683ea38f,발표 자료 제작,Done,2025-06-27
685df192a2cd54b0683ea38f,사내 교육,Done,2025-06-23
685df192a2cd54b0683ea38f,일정 조율,To do,2025-06-24
685df192a2cd54b0683ea38f,고객 응대,Done,2025-06-24
685df192a2cd54b0683ea38f,기능 테스트,In Progress,2025-06-04
685df192a2cd54b0683ea38f,문서 작성,Done,2025-06-28
685df192a2cd54b0683ea38f,설계 문서 검토,In Progress,2025-06-15
685df192a2cd54b0683ea390,보고서 작성,In Progress,2025-06-23
685df192a2cd54b0683ea390,회의 준비,In Progress,2025-06-25
685df192a2cd54b0683ea390,설계 문서 검토,Done,2025-06-07
685df192a2cd54b0683ea390,문서 작성,In Progress,2025-06-26
685df192a2cd54b0683ea390,회의록 작성,To do,2025-06-03
685df192a2cd54b0683ea390,문서 작성,In Progress,2025-06-19
685df192a2cd54b0683ea390,업무 공유,In Progress,2025-06-26
685df192a2cd54b0683ea390,데이터 분석,To do,2025-06-09
685df192a2cd54b0683ea390,시연 준비,To do,2025-06-05
685df192a2cd54b0683ea390,시연 준비,Done,2025-06-27
685df192a2cd54b0683ea391,데이터 분석,To do,2025-06-04
685df192a2cd54b0683ea391,장비 점검,Done,2025-06-04
685df192a2cd54b0683ea391,오류 수정,Done,2025-06-16
685df192a2cd54b0683ea391,메일 확인,To do,2025-06-16
685df192a2cd54b0683ea391,문서 작성,To do,2025-06-27
685df192a2cd54b0683ea391,자료 정리,Done,2025-06-23
685df192a2cd54b0683ea391,회식 준비,To do,2025-06-27
685df192a2cd54b0683ea391,장비 점검,In Progress,2025-06-24
685df192a2cd54b0683ea391,업무 공유,To do,2025-06-09
685df192a2cd54b0683ea391,업무 공유,Done,2025-06-27
685df192a2cd54b0683ea392,설계 문서 검토,Done,2025-06-19
685df192a2cd54b0683ea392,발표 자료 제작,In Progress,2025-06-21
685df192a2cd54b0683ea392,데이터 분석,In Progress,2025-06-02
685df192a2cd54b0683ea392,기능 테스트,To do,2025-06-19
685df192a2cd54b0683ea392,고객 응대,To do,2025-06-21
685df192a2cd54b0683ea392,메일 확인,To do,2025-06-02
685df192a2cd54b0683ea392,오류 수정,To do,2025-06-02
685df192a2cd54b0683ea392,장비 점검,In Progress,2025-06-26
685df192a2cd54b0683ea392,자료 정리,In Progress,2025-06-30
685df192a2cd54b0683ea392,회의 준비,Done,2025-06-07
685df192a2cd54b0683ea393,업데이트 적용,To do,2025-06-06
685df192a2cd54b0683ea393,설계 문서 검토,Done,2025-06-26
685df192a2cd54b0683ea393,설계 문서 검토,In Progress,2025-06-20
685df192a2cd54b0683ea393,데이터 분석,Done,2025-06-02
685df192a2cd54b0683ea393,코드 리뷰,Done,2025-06-05
685df192a2cd54b0683ea393,발표 자료 제작,In Progress,2025-06-04
685df192a2cd54b0683ea393,메일 확인,Done,2025-06-20
685df192a2cd54b0683ea393,메일 확인,To do,2025-06-17
685df192a2cd54b0683ea393,보고서 작성,In Progress,2025-06-15
685df192a2cd54b0683ea393,회식 준비,Done,2025-06-25
685df192a2cd54b0683ea394,기능 테스트,Done,2025-06-24
685df192a2cd54b0683ea394,업데이트 적용,Done,2025-06-28
685df192a2cd54b0683ea394,장비 점검,To do,2025-06-09
685df192a2cd54b0683ea394,시연 준비,In Progress,2025-06-22
685df192a2cd54b0683ea394,코드 리뷰,Done,2025-06-18
685df192a2cd54b0683ea394,보고서 작성,In Progress,2025-06-06
685df192a2cd54b0683ea394,사내 교육,To do,2025-06-16
685df192a2cd54b0683ea394,시연 준비,To do,2025-06-07
685df192a2cd54b0683ea394,회의록 작성,Done,2025-06-05
685df192a2cd54b0683ea394,고객 응대,Done,2025-06-05
685df192a2cd54b0683ea395,회식 준비,To do,2025-06-21
685df192a2cd54b0683ea395,데이터 분석,To do,2025-07-01
685df192a2cd54b0683ea395,장비 점검,To do,2025-06-27
685df192a2cd54b0683ea395,보고서 작성,To do,2025-06-27
685df192a2cd54b0683ea395,사내 교육,Done,2025-06-21
685df192a2cd54b0683ea395,시연 준비,In Progress,2025-06-06
685df192a2cd54b0683ea395,사내 교육,To do,2025-06-03
685df192a2cd54b0683ea395,발표 자료 제작,In Progress,2025-06-22
685df192a2cd54b0683ea395,업무 공유,Done,2025-06-25
685df192a2cd54b0683ea395,메일 확인,To do,2025-06-16
685df192a2cd54b0683ea396,코드 리뷰,To do,2025-06-16
685df192a2cd54b0683ea396,데이터 분석,In Progress,2025-06-12
685df192a2cd54b0683ea396,보고서 작성,In Progress,2025-07-01
685df192a2cd54b0683ea396,회의 준비,To do,2025-06-24
685df192a2cd54b0683ea396,장비 점검,In Progress,2025-06-27
685df192a2cd54b0683ea396,오류 수정,Done,2025-06-07
685df192a2cd54b0683ea396,업데이트 적용,Done,2025-06-07
685df192a2cd54b0683ea396,보고서 작성,Done,2025-06-24
685df192a2cd54b0683ea396,설계 문서 검토,To do,2025-06-25
685df192a2cd54b0683ea396,고객 응대,In Progress,2025-06-15
685df192a2cd54b0683ea397,시연 준비,To do,2025-06-24
685df192a2cd54b0683ea397,고객 응대,In Progress,2025-06-18
685df192a2cd54b0683ea397,기능 테스트,In Progress,2025-06-24
685df192a2cd54b0683ea397,메일 확인,In Progress,2025-06-07
685df192a2cd54b0683ea397,회식 준비,Done,2025-06-03
685df192a2cd54b0683ea397,설계 문서 검토,Done,2025-06-14
685df192a2cd54b0683ea397,오류 수정,In Progress,2025-06-14
685df192a2cd54b0683ea397,업데이트 적용,In Progress,2025-06-30
685df192a2cd54b0683ea397,보고서 작성,In Progress,2025-06-06
685df192a2cd54b0683ea397,회식 준비,In Progress,2025-06-17
685df192a2cd54b0683ea398,설계 문서 검토,Done,2025-06-12
685df192a2cd54b0683ea398,시연 준비,To do,2025-06-28
685df192a2cd54b0683ea398,장비 점검,To do,2025-06-24
685df192a2cd54b0683ea398,일정 조율,To do,2025-06-24
685df192a2cd54b0683ea398,데이터 분석,To do,2025-06-28
685df192a2cd54b0683ea398,장비 점검,In Progress,2025-06-04
685df192a2cd54b0683ea398,장비 점검,To do,2025-06-07
685df192a2cd54b0683ea398,오류 수정,To do,2025-06-19
685df192a2cd54b0683ea398,코드 리뷰,In Progress,2025-06-02
685df192a2cd54b0683ea398,문서 작성,Done,2025-06-27
685df192a2cd54b0683ea399,고객 응대,To do,2025-06-16
685df192a2cd54b0683ea399,고객 응대,In Progress,2025-06-16
685df192a2cd54b0683ea399,보고서 작성,In Progress,2025-06-29
685df192a2cd54b0683ea399,설계 문서 검토,Done,2025-06-02
685df192a2cd54b0683ea399,장비 점검,To do,2025-06-27
685df192a2cd54b0683ea399,데이터 분석,In Progress,2025-06-14
685df192a2cd54b0683ea399,보고서 작성,To do,2025-06-16
685df192a2cd54b0683ea399,일정 조율,In Progress,2025-06-15
685df192a2cd54b0683ea399,고객 응대,In Progress,2025-06-21
685df192a2cd54b0683ea399,코드 리뷰,To do,2025-06-13
685df192a2cd54b0683ea39a,오류 수정,To do,2025-06-02
685df192a2cd54b0683ea39a,자료 정리,In Progress,2025-06-02
685df192a2cd54b0683ea39a,코드 리뷰,To do,2025-06-23
685df192a2cd54b0683ea39a,오류 수정,Done,2025-06-04
685df192a2cd54b0683ea39a,코드 리뷰,To do,2025-06-09
685df192a2cd54b0683ea39a,발표 자료 제작,To do,2025-06-09
685df192a2cd54b0683ea39a,메일 확인,In Progress,2025-06-05
685df192a2cd54b0683ea39a,시연 준비,To do,2025-06-29
685df192a2cd54b0683ea39a,고객 응대,Done,2025-06-02
685df192a2cd54b0683ea39a,오류 수정,In Progress,2025-06-25
685df192a2cd54b0683ea39b,회식 준비,To do,2025-06-27
685df192a2cd54b0683ea39b,회의 준비,Done,2025-06-21
685df192a2cd54b0683ea39b,문서 작성,In Progress,2025-06-09
685df192a2cd54b0683ea39b,회식 준비,In Progress,2025-06-29
685df192a2cd54b0683ea39b,코드 리뷰,In Progress,2025-06-21
685df192a2cd54b0683ea39b,데이터 분석,To do,2025-06-23
685df192a2cd54b0683ea39b,보고서 작성,Done,2025-06-14
685df192a2cd54b0683ea39b,설계 문서 검토,In Progress,2025-06-16
685df192a2cd54b0683ea39b,업무 공유,In Progress,2025-06-28
685df192a2cd54b0683ea39b,시연 준비,Done,2025-06-06
685df192a2cd54b0683ea39c,데이터 분석,In Progress,2025-06-20
685df192a2cd54b0683ea39c,보고서 작성,Done,2025-06-27
685df192a2cd54b0683ea39c,일정 조율,To do,2025-06-20
685df192a2cd54b0683ea39c,발표 자료 제작,In Progress,2025-06-27
685df192a2cd54b0683ea39c,시연 준비,In Progress,2025-06-03
685df192a2cd54b0683ea39c,메일 확인,Done,2025-06-16
685df192a2cd54b0683ea39c,문서 작성,In Progress,2025-06-29
685df192a2cd54b0683ea39c,설계 문서 검토,In Progress,2025-06-10
685df192a2cd54b0683ea39c,업무 공유,Done,2025-06-23
685df192a2cd54b0683ea39c,발표 자료 제작,To do,2025-06-18
685df192a2cd54b0683ea39d,업무 공유,In Progress,2025-06-11
685df192a2cd54b0683ea39d,발표 자료 제작,Done,2025-06-02
685df192a2cd54b0683ea39d,메일 확인,In Progress,2025-06-22
685df192a2cd54b0683ea39d,회식 준비,To do,2025-07-01
685df192a2cd54b0683ea39d,회의 준비,To do,2025-06-30
685df192a2cd54b0683ea39d,데이터 분석,In Progress,2025-06-26
685df192a2cd54b0683ea39d,보고서 작성,Done,2025-06-08
685df192a2cd54b0683ea39d,장비 점검,In Progress,2025-06-15
685df192a2cd54b0683ea39d,장비 점검,To do,2025-06-25
685df192a2cd54b0683ea39d,데이터 분석,In Progress,2025-06-16
685df192a2cd54b0683ea39e,회의 준비,In Progress,2025-06-19
685df192a2cd54b0683ea39e,문서 작성,Done,2025-06-22
685df192a2cd54b0683ea39e,회의록 작성,Done,2025-06-12
685df192a2cd54b0683ea39e,설계 문서 검토,In Progress,2025-07-01
685df192a2cd54b0683ea39e,오류 수정,To do,2025-06-28
685df192a2cd54b0683ea39e,자료 정리,In Progress,2025-06-25
685df192a2cd54b0683ea39e,보고서 작성,In Progress,2025-06-12
685df192a2cd54b0683ea39e,회의 준비,In Progress,2025-06-02
685df192a2cd54b0683ea39e,장비 점검,To do,2025-06-04
685df192a2cd54b0683ea39e,보고서 작성,In Progress,2025-06-18
685df192a2cd54b0683ea39f,보고서 작성,To do,2025-06-16
685df192a2cd54b0683ea39f,업데이트 적용,In Progress,2025-06-07
685df192a2cd54b0683ea39f,문서 작성,In Progress,2025-06-12
685df192a2cd54b0683ea39f,데이터 분석,To do,2025-06-10
685df192a2cd54b0683ea39f,업무 공유,Done,2025-06-19
685df192a2cd54b0683ea39f,업무 공유,Done,2025-06-19
685df192a2cd54b0683ea39f,오류 수정,To do,2025-06-19
685df192a2cd54b0683ea39f,코드 리뷰,Done,2025-06-20
685df192a2cd54b0683ea39f,회식 준비,In Progress,2025-06-14
685df192a2cd54b0683ea39f,일정 조율,To do,2025-06-20
685df192a2cd54b0683ea3a0,업데이트 적용,In Progress,2025-06-03
685df192a2cd54b0683ea3a0,회의록 작성,To do,2025-06-21
685df192a2cd54b0683ea3a0,오류 수정,Done,2025-06-09
685df192a2cd54b0683ea3a0,회식 준비,To do,2025-06-05
685df192a2cd54b0683ea3a0,자료 정리,To do,2025-06-05
685df192a2cd54b0683ea3a0,회의 준비,In Progress,2025-06-09
685df192a2cd54b0683ea3a0,발표 자료 제작,Done,2025-06-02
685df192a2cd54b0683ea3a0,자료 정리,Done,2025-06-15
685df192a2cd54b0683ea3a0,설계 문서 검토,Done,2025-06-08
685df192a2cd54b0683ea3a0,시연 준비,In Progress,2025-06-28
685df192a2cd54b0683ea3a1,오류 수정,To do,2025-06-29
685df192a2cd54b0683ea3a1,오류 수정,Done,2025-06-15
685df192a2cd54b0683ea3a1,오류 수정,In Progress,2025-06-09
685df192a2cd54b0683ea3a1,데이터 분석,In Progress,2025-06-22
685df192a2cd54b0683ea3a1,메일 확인,Done,2025-06-28
685df192a2cd54b0683ea3a1,사내 교육,Done,2025-06-29
685df192a2cd54b0683ea3a1,사내 교육,Done,2025-06-22
685df192a2cd54b0683ea3a1,기능 테스트,Done,2025-06-26
685df192a2cd54b0683ea3a1,업데이트 적용,To do,2025-06-07
685df192a2cd54b0683ea3a1,업무 공유,To do,2025-06-06
685df192a2cd54b0683ea3a2,오류 수정,In Progress,2025-06-24
685df192a2cd54b0683ea3a2,회의 준비,In Progress,2025-06-27
685df192a2cd54b0683ea3a2,설계 문서 검토,In Progress,2025-06-09
685df192a2cd54b0683ea3a2,오류 수정,Done,2025-06-10
685df192a2cd54b0683ea3a2,설계 문서 검토,In Progress,2025-06-20
685df192a2cd54b0683ea3a2,설계 문서 검토,In Progress,2025-06-22
685df192a2cd54b0683ea3a2,코드 리뷰,In Progress,2025-06-02
685df192a2cd54b0683ea3a2,데이터 분석,To do,2025-06-06
685df192a2cd54b0683ea3a2,회의 준비,Done,2025-06-11
685df192a2cd54b0683ea3a2,회식 준비,To do,2025-06-15
685df192a2cd54b0683ea3a3,회의록 작성,Done,2025-06-30
685df192a2cd54b0683ea3a3,회의 준비,In Progress,2025-06-02
685df192a2cd54b0683ea3a3,문서 작성,Done,2025-06-06
685df192a2cd54b0683ea3a3,오류 수정,In Progress,2025-06-13
685df192a2cd54b0683ea3a3,장비 점검,To do,2025-06-25
685df192a2cd54b0683ea3a3,고객 응대,In Progress,2025-06-22
685df192a2cd54b0683ea3a3,문서 작성,To do,2025-06-08
685df192a2cd54b0683ea3a3,설계 문서 검토,Done,2025-06-17
685df192a2cd54b0683ea3a3,오류 수정,To do,2025-06-17
685df192a2cd54b0683ea3a3,설계 문서 검토,Done,2025-06-14
685df192a2cd54b0683ea3a4,데이터 분석,To do,2025-06-25
685df192a2cd54b0683ea3a4,설계 문서 검토,Done,2025-06-16
685df192a2cd54b0683ea3a4,시연 준비,In Progress,2025-06-16
685df192a2cd54b0683ea3a4,회의 준비,Done,2025-06-25
685df192a2cd54b0683ea3a4,기능 테스트,In Progress,2025-06-11
685df192a2cd54b0683ea3a4,문서 작성,In Progress,2025-06-04
685df192a2cd54b0683ea3a4,발표 자료 제작,Done,2025-06-05
685df192a2cd54b0683ea3a4,오류 수정,Done,2025-06-18
685df192a2cd54b0683ea3a4,업데이트 적용,Done,2025-06-22
685df192a2cd54b0683ea3a4,사내 교육,To do,2025-06-05
685df192a2cd54b0683ea3a5,보고서 작성,In Progress,2025-06-12
685df192a2cd54b0683ea3a5,메일 확인,To do,2025-06-23
685df192a2cd54b0683ea3a5,회의록 작성,In Progress,2025-06-18
685df192a2cd54b0683ea3a5,고객 응대,In Progress,2025-07-01
685df192a2cd54b0683ea3a5,회의 준비,Done,2025-06-23
685df192a2cd54b0683ea3a5,오류 수정,To do,2025-06-28
685df192a2cd54b0683ea3a5,데이터 분석,To do,2025-06-26
685df192a2cd54b0683ea3a5,장비 점검,To do,2025-06-29
685df192a2cd54b0683ea3a5,시연 준비,In Progress,2025-07-01
685df192a2cd54b0683ea3a5,업무 공유,To do,2025-06-09
685df192a2cd54b0683ea3a6,회의록 작성,Done,2025-06-08
685df192a2cd54b0683ea3a6,설계 문서 검토,To do,2025-06-26
685df192a2cd54b0683ea3a6,장비 점검,Done,2025-06-30
685df192a2cd54b0683ea3a6,일정 조율,To do,2025-06-14
685df192a2cd54b0683ea3a6,일정 조율,In Progress,2025-06-27
685df192a2cd54b0683ea3a6,회의 준비,To do,2025-06-19
685df192a2cd54b0683ea3a6,설계 문서 검토,To do,2025-06-08
685df192a2cd54b0683ea3a6,문서 작성,Done,2025-06-14
685df192a2cd54b0683ea3a6,발표 자료 제작,Done,2025-06-13
685df192a2cd54b0683ea3a6,오류 수정,To do,2025-07-01
